"id","timestamp","seed","summary"
"1","2026-05-18T18:05:20.579731+00:00","1a33814c-13ae-461f-b657-b57d2dcc2493","{"status":"completed","completed_at":"2026-05-18T18:05:20.583Z"}"
"2","2026-05-18T18:05:25.540969+00:00","692498e6-f5b9-443b-9643-3dfc8f0c7380","{"status":"completed","completed_at":"2026-05-18T18:05:25.543Z"}"
"3","2026-05-18T18:05:30.626053+00:00","07024e6a-8a5e-4fb3-874b-658bd2277379","{"status":"completed","completed_at":"2026-05-18T18:05:30.641Z"}"
"4","2026-05-18T18:05:35.630787+00:00","49758c6c-378c-4750-b934-a777744ab902","{"status":"completed","completed_at":"2026-05-18T18:05:35.627Z"}"
"5","2026-05-18T18:05:40.767106+00:00","c0047cd6-7767-48dd-85af-892c628a687d","{"status":"completed","completed_at":"2026-05-18T18:05:40.712Z"}"
"6","2026-05-18T18:05:46.047672+00:00","276f78d4-72d8-48c3-80e5-cecdbffa3c57","{"status":"completed","completed_at":"2026-05-18T18:05:46.033Z"}"
"7","2026-05-18T18:05:50.444991+00:00","6a40445f-fdaa-48a9-8ebb-e7d7c85e4a83","{"status":"completed","completed_at":"2026-05-18T18:05:50.400Z"}"
"8","2026-05-18T18:05:55.573794+00:00","1c4d9e9b-347d-4843-9853-ac0649e17d78","{"status":"completed","completed_at":"2026-05-18T18:05:55.638Z"}"
"9","2026-05-18T18:06:00.649226+00:00","879b6d48-5ab1-49d0-a9d9-2d47bcaea083","{"status":"completed","completed_at":"2026-05-18T18:06:00.614Z"}"
"10","2026-05-18T18:06:05.572557+00:00","05d6e54a-b0ef-492d-bd3a-9f264175e1e4","{"status":"completed","completed_at":"2026-05-18T18:06:05.517Z"}"
"11","2026-05-18T18:06:10.992546+00:00","34dc1c01-d9b6-44a0-b878-e0bfec5bb44e","{"status":"completed","completed_at":"2026-05-18T18:06:11.261Z"}"
"12","2026-05-18T18:06:15.502564+00:00","35f0f04b-0200-41e0-8cd3-7466a3c0913f","{"status":"completed","completed_at":"2026-05-18T18:06:15.469Z"}"
"13","2026-05-18T18:06:20.791944+00:00","67da8f32-d7a9-426e-b0da-7b83bfc3ecb2","{"status":"completed","completed_at":"2026-05-18T18:06:20.776Z"}"
"14","2026-05-18T18:06:25.618812+00:00","0cee0a0d-9323-40b9-b5de-a09564980d38","{"status":"completed","completed_at":"2026-05-18T18:06:25.546Z"}"
"15","2026-05-18T18:06:30.639585+00:00","0768ebfe-4075-4ce3-8e0a-f19a745edb2e","{"status":"completed","completed_at":"2026-05-18T18:06:30.595Z"}"
"16","2026-05-18T18:06:35.638979+00:00","953c656a-a6b3-4686-a7ac-137247e5d4f4","{"status":"completed","completed_at":"2026-05-18T18:06:35.578Z"}"
"17","2026-05-18T18:06:40.635764+00:00","a5209951-1644-49f9-874b-0d1b939da972","{"status":"completed","completed_at":"2026-05-18T18:06:40.594Z"}"
"18","2026-05-18T18:06:45.664068+00:00","d34b8b77-a67b-49c8-8064-519da1e7d46d","{"status":"completed","completed_at":"2026-05-18T18:06:45.611Z"}"
"19","2026-05-18T18:06:50.644025+00:00","0760e1e6-ce6d-440c-b9e5-1da24689e0b1","{"status":"completed","completed_at":"2026-05-18T18:06:50.590Z"}"
"20","2026-05-18T18:06:55.641828+00:00","3c2c7a35-9e3f-4392-8967-4aab70df7d84","{"status":"completed","completed_at":"2026-05-18T18:06:55.646Z"}"
"21","2026-05-18T18:07:00.67878+00:00","56883c27-f0a7-48bb-a557-da75622ecd5e","{"status":"completed","completed_at":"2026-05-18T18:07:00.633Z"}"
"22","2026-05-18T18:07:05.798232+00:00","e4daafcf-60d3-4d91-b409-5b4cb593a311","{"status":"completed","completed_at":"2026-05-18T18:07:05.753Z"}"
"23","2026-05-18T18:07:10.712595+00:00","b159f4f0-6a04-4c83-9213-b87b86ea655b","{"status":"completed","completed_at":"2026-05-18T18:07:10.678Z"}"
"24","2026-05-18T18:07:15.687729+00:00","5cbdf723-134e-4dd6-a25e-08864d7e75da","{"status":"completed","completed_at":"2026-05-18T18:07:15.684Z"}"
"25","2026-05-18T18:07:20.682051+00:00","f8304bfa-f5a0-424d-8b5b-4268811e51fa","{"status":"completed","completed_at":"2026-05-18T18:07:20.626Z"}"
"26","2026-05-18T18:07:25.71596+00:00","4277f9f7-0224-4e96-b4a0-6a6c703797fb","{"status":"completed","completed_at":"2026-05-18T18:07:25.668Z"}"
"27","2026-05-18T18:07:30.693843+00:00","1dfcf6c2-95b8-4b55-93fb-00c0d7d25d35","{"status":"completed","completed_at":"2026-05-18T18:07:30.802Z"}"
"28","2026-05-18T18:07:35.763112+00:00","7dadd9be-8d06-449e-92ad-cde3d6b03b01","{"status":"completed","completed_at":"2026-05-18T18:07:36.117Z"}"
"29","2026-05-18T18:07:40.83158+00:00","e5d553ed-e39c-4903-ab66-a7fbc6049755","{"status":"completed","completed_at":"2026-05-18T18:07:40.774Z"}"
"30","2026-05-18T18:07:45.784092+00:00","46b0369d-f937-4a2e-ba81-d42214f3206b","{"status":"completed","completed_at":"2026-05-18T18:07:45.746Z"}"
"31","2026-05-18T18:07:50.748275+00:00","25d2a0d3-30f4-41f2-acdb-9594b8139f5c","{"status":"completed","completed_at":"2026-05-18T18:07:50.691Z"}"
"32","2026-05-18T18:07:55.768006+00:00","4e68e27c-7a8e-4220-bd2b-13b33b1f40cf","{"status":"completed","completed_at":"2026-05-18T18:07:55.722Z"}"
"33","2026-05-18T18:08:00.783271+00:00","106a8579-f945-43e5-85de-37e86f5d06b0","{"status":"completed","completed_at":"2026-05-18T18:08:00.730Z"}"
"34","2026-05-18T18:08:05.869818+00:00","7a261cb4-46eb-4de2-883d-09c2604d76ce","{"status":"completed","completed_at":"2026-05-18T18:08:05.810Z"}"
"35","2026-05-18T18:08:11.090491+00:00","3252bc82-3c4e-45d2-aa37-2cb08577223c","{"status":"completed","completed_at":"2026-05-18T18:08:11.031Z"}"
"36","2026-05-18T18:08:15.804304+00:00","c820b7f9-2ade-4cbf-b7e4-62e224b10edc","{"status":"completed","completed_at":"2026-05-18T18:08:15.750Z"}"
"37","2026-05-18T18:08:20.823229+00:00","7f32245c-d6db-4d1b-9f7b-cacfdb9014f0","{"status":"completed","completed_at":"2026-05-18T18:08:20.762Z"}"
"38","2026-05-18T18:08:26.061048+00:00","4f5505d6-abde-434c-b553-09b1a68561b8","{"status":"completed","completed_at":"2026-05-18T18:08:26.002Z"}"
"39","2026-05-18T18:08:30.839212+00:00","54b7c193-e72c-467d-9425-11b4c71414e1","{"status":"completed","completed_at":"2026-05-18T18:08:30.853Z"}"
"40","2026-05-18T18:08:35.855889+00:00","d0c85e83-56e6-40a2-94a9-02f081e3cf56","{"status":"completed","completed_at":"2026-05-18T18:08:35.806Z"}"
"41","2026-05-18T18:08:40.848007+00:00","2157c8d1-2efe-46c5-bf58-d640add4b232","{"status":"completed","completed_at":"2026-05-18T18:08:40.799Z"}"
"42","2026-05-18T18:08:45.966835+00:00","3e60e30f-273f-40f4-90a7-6bf36d1e5e53","{"status":"completed","completed_at":"2026-05-18T18:08:46.274Z"}"
"43","2026-05-18T18:08:50.866545+00:00","6efa2e26-25b3-4804-92e4-305ca49c095b","{"status":"completed","completed_at":"2026-05-18T18:08:50.856Z"}"
"44","2026-05-18T18:08:56.300984+00:00","3743f1a2-e747-4773-8287-1fae1b99f755","{"status":"completed","completed_at":"2026-05-18T18:08:56.292Z"}"
"45","2026-05-18T18:09:01.292322+00:00","be57a9b7-f861-48cf-92de-ea624faa531a","{"status":"completed","completed_at":"2026-05-18T18:09:01.351Z"}"
"46","2026-05-18T18:09:05.93992+00:00","09b0726a-52fe-4801-bbe8-6a8bd579586a","{"status":"completed","completed_at":"2026-05-18T18:09:05.922Z"}"
"47","2026-05-18T18:09:10.98651+00:00","17ecaf19-741c-4ec6-bf99-2ea2b3216ac0","{"status":"completed","completed_at":"2026-05-18T18:09:10.940Z"}"
"48","2026-05-18T18:09:15.971221+00:00","820db4fd-cfdf-4a75-99d8-0518ad558544","{"status":"completed","completed_at":"2026-05-18T18:09:15.918Z"}"
"49","2026-05-18T18:09:22.205671+00:00","18dae422-794a-40a8-a631-cd688bf06db9","{"status":"completed","completed_at":"2026-05-18T18:09:22.414Z"}"
"50","2026-05-18T18:09:25.911541+00:00","e1fccc54-5d3b-4765-a932-c2ee4e9bb462","{"status":"completed","completed_at":"2026-05-18T18:09:25.852Z"}"
"51","2026-05-18T18:09:31.049302+00:00","9d7b97b6-089c-4366-b759-0f06ae511ab1","{"status":"completed","completed_at":"2026-05-18T18:09:31.014Z"}"
"52","2026-05-18T18:09:36.007305+00:00","be2f3974-fdc1-46e5-ba2f-731e4c1af0f2","{"status":"completed","completed_at":"2026-05-18T18:09:35.988Z"}"
"53","2026-05-18T18:09:41.090928+00:00","6942ed6d-64b8-4e80-99ac-02f0c976eae2","{"status":"completed","completed_at":"2026-05-18T18:09:41.045Z"}"
"54","2026-05-18T18:09:46.574105+00:00","ffbca620-0e68-42a3-98b0-467c77677780","{"status":"completed","completed_at":"2026-05-18T18:09:46.886Z"}"
"55","2026-05-18T18:09:50.942531+00:00","e1fe1299-d18b-4e28-9a64-56345b3ea11d","{"status":"completed","completed_at":"2026-05-18T18:09:50.926Z"}"
"56","2026-05-18T18:09:56.15722+00:00","d3b22a54-e9d0-46b6-a377-db2770b592a9","{"status":"completed","completed_at":"2026-05-18T18:09:56.112Z"}"
"57","2026-05-18T18:10:01.535543+00:00","da7c3c04-b0cd-4e73-a31f-a2785e23bb41","{"status":"completed","completed_at":"2026-05-18T18:10:01.672Z"}"
"58","2026-05-18T18:10:05.996747+00:00","c05b5492-6b90-4c9c-b68d-ebebcda6b23e","{"status":"completed","completed_at":"2026-05-18T18:10:05.931Z"}"
"59","2026-05-18T18:10:11.300294+00:00","7580f977-1c3a-4ab0-8761-c39033641d4b","{"status":"completed","completed_at":"2026-05-18T18:10:11.270Z"}"
"60","2026-05-18T18:10:16.177806+00:00","79255dbb-6cd4-4a7f-9670-b7b279b41f45","{"status":"completed","completed_at":"2026-05-18T18:10:16.156Z"}"
"61","2026-05-18T18:10:21.4124+00:00","029949ae-63e6-4984-bf62-7087a341fd1c","{"status":"completed","completed_at":"2026-05-18T18:10:21.405Z"}"
"62","2026-05-18T18:10:26.456599+00:00","329200aa-6dee-4bed-8a7e-4cfbe63fced8","{"status":"completed","completed_at":"2026-05-18T18:10:26.438Z"}"
"63","2026-05-18T18:10:31.1603+00:00","ea35b6b9-8283-4ac8-ba17-ce832026820d","{"status":"completed","completed_at":"2026-05-18T18:10:31.098Z"}"
"64","2026-05-18T18:10:36.188017+00:00","c6cbd21c-51cc-4cc8-82fd-09bfa536d87e","{"status":"completed","completed_at":"2026-05-18T18:10:36.120Z"}"
"65","2026-05-18T18:10:41.271651+00:00","ba0ca193-4909-4fa7-89d1-f0fe2c884bb8","{"status":"completed","completed_at":"2026-05-18T18:10:41.430Z"}"
"66","2026-05-18T18:10:46.244388+00:00","cca784a8-7bcd-4a43-b881-6401a3e1180a","{"status":"completed","completed_at":"2026-05-18T18:10:46.211Z"}"
"67","2026-05-18T18:10:51.219748+00:00","98c1b031-3cb3-474d-ac72-49c9c60d1935","{"status":"completed","completed_at":"2026-05-18T18:10:51.187Z"}"
"68","2026-05-18T18:10:56.223872+00:00","391371ef-20fd-4350-9735-791834a4b6ce","{"status":"completed","completed_at":"2026-05-18T18:10:56.286Z"}"
"69","2026-05-18T18:11:01.228899+00:00","23ae7c84-766b-407a-b6f7-f17876aff902","{"status":"completed","completed_at":"2026-05-18T18:11:01.160Z"}"
"70","2026-05-18T18:11:06.167179+00:00","a92f7167-cabd-4191-be42-4844eb9bae84","{"status":"completed","completed_at":"2026-05-18T18:11:06.109Z"}"
"71","2026-05-18T18:11:11.83134+00:00","d1e6a4b7-08fe-430b-baee-1117fa809beb","{"status":"completed","completed_at":"2026-05-18T18:11:11.921Z"}"
"72","2026-05-18T18:11:16.303031+00:00","04cdbcff-e41b-4b17-8e8c-8d7a4a7debc7","{"status":"completed","completed_at":"2026-05-18T18:11:16.303Z"}"
"73","2026-05-18T18:11:21.553379+00:00","0f9c4468-4f98-4cf8-8408-fe1316c07dda","{"status":"completed","completed_at":"2026-05-18T18:11:21.608Z"}"
"74","2026-05-18T18:11:26.177108+00:00","3bb472eb-10be-41e2-8bd8-618ceab42bd1","{"status":"completed","completed_at":"2026-05-18T18:11:26.122Z"}"
"75","2026-05-18T18:11:33.112862+00:00","a4514b13-14e7-4b2c-bb87-d152a439dd7d","{"status":"completed","completed_at":"2026-05-18T18:11:33.088Z"}"
"76","2026-05-18T18:11:36.18214+00:00","4be1e017-966a-4931-ab46-398c5778ef70","{"status":"completed","completed_at":"2026-05-18T18:11:36.133Z"}"
"77","2026-05-18T18:11:41.306815+00:00","52100ba9-628c-4a25-9057-10d469c2519d","{"status":"completed","completed_at":"2026-05-18T18:11:41.259Z"}"
"78","2026-05-18T18:11:46.296145+00:00","1b32a8d7-4da9-44b0-a0f6-d3fa9722b184","{"status":"completed","completed_at":"2026-05-18T18:11:46.359Z"}"
"79","2026-05-18T18:11:51.314032+00:00","78984ae1-715b-4f47-ba24-a4f9219a4229","{"status":"completed","completed_at":"2026-05-18T18:11:51.315Z"}"
"80","2026-05-18T18:11:56.290903+00:00","bd758f83-cd56-4e19-bf4f-a71876080738","{"status":"completed","completed_at":"2026-05-18T18:11:56.281Z"}"
"81","2026-05-18T18:12:01.35569+00:00","42a81cf2-30fe-4fc4-a221-d46beb41d6d4","{"status":"completed","completed_at":"2026-05-18T18:12:01.588Z"}"
"82","2026-05-18T18:12:06.330134+00:00","d964e00b-a15f-4952-8a96-0e6004f48853","{"status":"completed","completed_at":"2026-05-18T18:12:06.272Z"}"
"83","2026-05-18T18:12:11.38755+00:00","5d7af12c-8f3a-4c41-ab44-b18ef878c47f","{"status":"completed","completed_at":"2026-05-18T18:12:11.355Z"}"
"84","2026-05-18T18:12:16.340456+00:00","e46169e9-a24f-4e5f-91a4-961d00593614","{"status":"completed","completed_at":"2026-05-18T18:12:16.311Z"}"
"85","2026-05-18T18:12:21.353283+00:00","8d13b585-c198-4a76-9988-249b28829b41","{"status":"completed","completed_at":"2026-05-18T18:12:21.309Z"}"
"86","2026-05-18T18:12:26.316399+00:00","3bd12f43-4a2e-4088-8d29-c29497e4d982","{"status":"completed","completed_at":"2026-05-18T18:12:26.241Z"}"
"87","2026-05-18T18:12:31.370926+00:00","bc6ec8f6-9236-45cb-bb53-8ddb6469c717","{"status":"completed","completed_at":"2026-05-18T18:12:31.332Z"}"
"88","2026-05-18T18:12:36.30667+00:00","6b5ed06f-9e7a-45d7-8ce1-7d09422195cc","{"status":"completed","completed_at":"2026-05-18T18:12:36.237Z"}"
"89","2026-05-18T18:12:41.3457+00:00","4576a305-ff15-4441-9553-931513f0f47d","{"status":"completed","completed_at":"2026-05-18T18:12:41.291Z"}"
"90","2026-05-18T18:12:46.320277+00:00","779a4463-b960-4702-91c7-7a3c352fccda","{"status":"completed","completed_at":"2026-05-18T18:12:46.279Z"}"
"91","2026-05-18T18:12:51.349051+00:00","a26f4bc3-f3ae-48db-8dd8-06911bbd2e1c","{"status":"completed","completed_at":"2026-05-18T18:12:51.282Z"}"
"92","2026-05-18T18:12:56.345687+00:00","f9d98f61-6c42-4f5c-a6d9-36054cd49693","{"status":"completed","completed_at":"2026-05-18T18:12:56.303Z"}"
"93","2026-05-18T18:13:01.350651+00:00","d77b2365-dbf0-49c2-846d-2ecc7f19992c","{"status":"completed","completed_at":"2026-05-18T18:13:01.273Z"}"
"94","2026-05-18T18:13:06.335572+00:00","91c1f07d-85ee-414f-973b-37088b6d2e83","{"status":"completed","completed_at":"2026-05-18T18:13:06.256Z"}"
"95","2026-05-18T18:13:11.386196+00:00","18e12fb2-4ff7-4a18-af4d-65107a8cabf5","{"status":"completed","completed_at":"2026-05-18T18:13:11.352Z"}"
"96","2026-05-18T18:13:16.40918+00:00","0d24684f-25c5-44a2-8743-75f2ac21ebf8","{"status":"completed","completed_at":"2026-05-18T18:13:16.335Z"}"
"97","2026-05-18T18:13:21.411984+00:00","68d9f1b1-71ba-4307-8220-7cc617f85b11","{"status":"completed","completed_at":"2026-05-18T18:13:21.380Z"}"
"98","2026-05-18T18:13:26.393297+00:00","af0760ec-eb65-488a-a7e9-39b3136b74ef","{"status":"completed","completed_at":"2026-05-18T18:13:26.340Z"}"
"99","2026-05-18T18:13:31.653579+00:00","2b9293bc-6e6a-4b93-bacf-eb75aeb1c641","{"status":"completed","completed_at":"2026-05-18T18:13:31.607Z"}"
"100","2026-05-18T18:13:36.773207+00:00","380b9e7a-128d-4955-8bf9-2434ca9bc8f2","{"status":"completed","completed_at":"2026-05-18T18:13:36.744Z"}"
"101","2026-05-18T18:13:41.480374+00:00","72a5c0f8-974b-4189-b028-3f3f639fd542","{"status":"completed","completed_at":"2026-05-18T18:13:41.433Z"}"
"102","2026-05-18T18:13:46.455833+00:00","bf581701-7f93-494c-9643-a1f174b7e35f","{"status":"completed","completed_at":"2026-05-18T18:13:46.447Z"}"
"103","2026-05-18T18:13:51.512851+00:00","90029810-d3a8-40f0-aa8a-1f652b67bf9f","{"status":"completed","completed_at":"2026-05-18T18:13:51.492Z"}"
"104","2026-05-18T18:13:56.432489+00:00","044857cf-8ae8-4543-b093-e707e832a84e","{"status":"completed","completed_at":"2026-05-18T18:13:56.388Z"}"
"105","2026-05-18T18:14:01.431037+00:00","4cc53539-8845-4710-81e5-65f6096d2d63","{"status":"completed","completed_at":"2026-05-18T18:14:01.790Z"}"
"106","2026-05-18T18:14:06.512411+00:00","4883ceed-34ff-4116-a82f-56210be57e78","{"status":"completed","completed_at":"2026-05-18T18:14:06.470Z"}"
"107","2026-05-18T18:14:11.534248+00:00","caa87d1a-ba94-4559-b2dc-8762a7452ba5","{"status":"completed","completed_at":"2026-05-18T18:14:11.534Z"}"
"108","2026-05-18T18:14:16.504061+00:00","6e061efa-87ec-4886-8fea-0d85b0566aab","{"status":"completed","completed_at":"2026-05-18T18:14:16.447Z"}"
"109","2026-05-18T18:14:21.593962+00:00","73000c6c-9e00-4d46-852f-b6d66870c2a6","{"status":"completed","completed_at":"2026-05-18T18:14:21.536Z"}"
"110","2026-05-18T18:14:26.493637+00:00","a8c4ede5-e9f0-473a-ae3d-65113a9652fe","{"status":"completed","completed_at":"2026-05-18T18:14:26.526Z"}"
"111","2026-05-18T18:14:31.495451+00:00","1b78b759-3c14-4cfa-9166-77cbc02bf525","{"status":"completed","completed_at":"2026-05-18T18:14:31.441Z"}"
"112","2026-05-18T18:14:36.499659+00:00","cc0ade0a-95a0-46af-a4d7-e345a89ec2c4","{"status":"completed","completed_at":"2026-05-18T18:14:36.455Z"}"
"113","2026-05-18T18:14:41.49933+00:00","8bddb6c2-48d4-4f93-b8f8-e200c1512c89","{"status":"completed","completed_at":"2026-05-18T18:14:41.427Z"}"
"114","2026-05-18T18:14:46.48347+00:00","e2404974-c17f-426b-b391-600e919d73e9","{"status":"completed","completed_at":"2026-05-18T18:14:46.413Z"}"
"115","2026-05-18T18:14:51.51569+00:00","dbec4f06-cf88-4d8f-92c5-1e4d8c2ab80c","{"status":"completed","completed_at":"2026-05-18T18:14:51.483Z"}"
"116","2026-05-18T18:14:56.622103+00:00","ebb42a80-eef2-4364-b300-81bf1fecd2ee","{"status":"completed","completed_at":"2026-05-18T18:14:56.575Z"}"
"117","2026-05-18T18:15:01.503189+00:00","05bb9e94-5cdc-444d-be9a-8ee099153977","{"status":"completed","completed_at":"2026-05-18T18:15:01.456Z"}"
"118","2026-05-18T18:15:06.509648+00:00","8a8f3c7e-07f8-4bc4-8545-63dd20306d9d","{"status":"completed","completed_at":"2026-05-18T18:15:06.451Z"}"
"119","2026-05-18T18:15:11.544587+00:00","cd84dfeb-ccc4-4cf7-ab5e-e86667511411","{"status":"completed","completed_at":"2026-05-18T18:15:11.477Z"}"
"120","2026-05-18T18:15:16.831638+00:00","9873386b-7281-4b35-a598-640dc4ca5b6b","{"status":"completed","completed_at":"2026-05-18T18:15:16.776Z"}"
"121","2026-05-18T18:15:21.529005+00:00","00b4f135-8fdd-426c-88a2-aa1bf141bbd8","{"status":"completed","completed_at":"2026-05-18T18:15:21.455Z"}"
"122","2026-05-18T18:15:26.634247+00:00","aeb3b700-4ac8-4499-8e6f-2372972454d7","{"status":"completed","completed_at":"2026-05-18T18:15:26.595Z"}"
"123","2026-05-18T18:15:31.604514+00:00","e1c231df-8576-4401-8f23-5c450cc418f2","{"status":"completed","completed_at":"2026-05-18T18:15:31.566Z"}"
"124","2026-05-18T18:15:36.581349+00:00","ab97513c-a2e7-4b66-9204-599d3bb88fde","{"status":"completed","completed_at":"2026-05-18T18:15:36.516Z"}"
"125","2026-05-18T18:15:41.664726+00:00","a94b733a-8762-4cdc-bd48-e3067fde7d30","{"status":"completed","completed_at":"2026-05-18T18:15:41.718Z"}"
"126","2026-05-18T18:15:46.608628+00:00","525871ba-6029-485f-826c-46d880ddbb7d","{"status":"completed","completed_at":"2026-05-18T18:15:47.578Z"}"
"127","2026-05-18T18:15:51.561171+00:00","f36753d5-0367-432f-bd64-87c5c3c9c0da","{"status":"completed","completed_at":"2026-05-18T18:15:51.500Z"}"
"128","2026-05-18T18:15:56.609325+00:00","9f9eaf85-f822-4f45-9b85-cd6b075320a1","{"status":"completed","completed_at":"2026-05-18T18:15:56.567Z"}"
"129","2026-05-18T18:16:01.661777+00:00","9199c6f9-4a61-4adb-9839-af03cf9aab61","{"status":"completed","completed_at":"2026-05-18T18:16:01.608Z"}"
"130","2026-05-18T18:16:06.793377+00:00","662806ab-1a34-4cb3-ae79-179f5f9b6da5","{"status":"completed","completed_at":"2026-05-18T18:16:06.769Z"}"
"131","2026-05-18T18:16:11.676584+00:00","26fc24a5-15b1-4e4a-8694-bee242c01cfb","{"status":"completed","completed_at":"2026-05-18T18:16:11.605Z"}"
"132","2026-05-18T18:16:16.726119+00:00","9fee5627-b56a-442a-8927-63bf655ec128","{"status":"completed","completed_at":"2026-05-18T18:16:16.664Z"}"
"133","2026-05-18T18:16:21.662384+00:00","36b41db7-a4ab-420b-b8c6-1514fd5cd15d","{"status":"completed","completed_at":"2026-05-18T18:16:21.587Z"}"
"134","2026-05-18T18:16:26.980634+00:00","5e521a96-205a-48e6-bc24-0640c2860a96","{"status":"completed","completed_at":"2026-05-18T18:16:26.909Z"}"
"135","2026-05-18T18:16:31.667046+00:00","1f22c960-1006-4e5c-b336-822f94088332","{"status":"completed","completed_at":"2026-05-18T18:16:31.637Z"}"
"136","2026-05-18T18:16:36.719396+00:00","17f5a936-a75a-470b-b33b-a9efbfc81dc7","{"status":"completed","completed_at":"2026-05-18T18:16:36.676Z"}"
"137","2026-05-18T18:16:41.689385+00:00","f05a637b-f311-44b8-a80d-ad029291b523","{"status":"completed","completed_at":"2026-05-18T18:16:41.614Z"}"
"138","2026-05-18T18:16:46.724868+00:00","f0b5ad90-10cd-418d-9a81-18016ad2492d","{"status":"completed","completed_at":"2026-05-18T18:16:46.667Z"}"
"139","2026-05-18T18:16:52.025134+00:00","a4c3da0c-914e-4e78-9a9e-e0f524bff349","{"status":"completed","completed_at":"2026-05-18T18:16:51.945Z"}"
"140","2026-05-18T18:16:56.80488+00:00","9e807461-6fc4-4bbf-8458-ac2e0cb3e93d","{"status":"completed","completed_at":"2026-05-18T18:16:56.874Z"}"
"141","2026-05-18T18:17:01.951344+00:00","f0ec94c3-194f-4931-a2b7-20b7aa76c6c7","{"status":"completed","completed_at":"2026-05-18T18:17:01.922Z"}"
"142","2026-05-18T18:17:12.462613+00:00","55d2ec00-4fee-4ff7-94fb-4dedec8ebf84","{"status":"completed","completed_at":"2026-05-18T18:17:12.730Z"}"
"143","2026-05-18T18:17:16.644539+00:00","32e6df84-7558-476d-a47e-37fa56dd1807","{"status":"completed","completed_at":"2026-05-18T18:17:16.582Z"}"
"144","2026-05-18T18:17:21.752433+00:00","98a9aae2-7ce7-4938-a47c-e2d7038f46a7","{"status":"completed","completed_at":"2026-05-18T18:17:21.723Z"}"
"145","2026-05-18T18:17:26.732804+00:00","e22c5ea2-2908-40d4-96de-757a20000558","{"status":"completed","completed_at":"2026-05-18T18:17:26.689Z"}"
"146","2026-05-18T18:17:31.845105+00:00","4d2ecc90-6552-444d-8851-7335e3593e6d","{"status":"completed","completed_at":"2026-05-18T18:17:31.831Z"}"
"147","2026-05-18T18:17:36.791719+00:00","6eb2b0ab-bc2a-49d1-8aeb-3aa4c37dc33e","{"status":"completed","completed_at":"2026-05-18T18:17:36.740Z"}"
"148","2026-05-18T18:17:41.76728+00:00","f4d7c235-d1f9-4976-9113-e133b7034a12","{"status":"completed","completed_at":"2026-05-18T18:17:41.701Z"}"
"149","2026-05-18T18:17:46.764721+00:00","a01ae93a-6c1a-4f08-8339-8d9e640d94ea","{"status":"completed","completed_at":"2026-05-18T18:17:46.741Z"}"
"150","2026-05-18T18:17:51.763648+00:00","22f99351-89eb-4dce-a44f-8f5eddca5c07","{"status":"completed","completed_at":"2026-05-18T18:17:51.690Z"}"
"151","2026-05-18T18:17:57.039118+00:00","734738e4-d0b6-4ab8-bcad-65bf741615eb","{"status":"completed","completed_at":"2026-05-18T18:17:56.985Z"}"
"152","2026-05-18T18:18:01.813844+00:00","2c808bb0-2ad5-4731-a4cc-ffea090c951f","{"status":"completed","completed_at":"2026-05-18T18:18:01.749Z"}"
"153","2026-05-18T18:18:06.817514+00:00","82411120-28af-4c77-8b3e-5223ff471edc","{"status":"completed","completed_at":"2026-05-18T18:18:06.769Z"}"
"154","2026-05-18T18:18:11.904545+00:00","b1253675-0f40-42b0-a0a4-b111b7651657","{"status":"completed","completed_at":"2026-05-18T18:18:11.847Z"}"
"155","2026-05-18T18:18:16.807939+00:00","fb713b6e-e307-4ac3-aaeb-9340de52f35c","{"status":"completed","completed_at":"2026-05-18T18:18:16.742Z"}"
"156","2026-05-18T18:18:22.070951+00:00","5bb0bf80-26f9-4c01-8e2d-42ee979aec7d","{"status":"completed","completed_at":"2026-05-18T18:18:22.021Z"}"
"157","2026-05-18T18:18:26.899936+00:00","01a9a020-7e53-4546-85b1-03d309faf596","{"status":"completed","completed_at":"2026-05-18T18:18:26.852Z"}"
"158","2026-05-18T18:18:31.896848+00:00","c6e4740b-1287-43cc-810e-d2c2248094cd","{"status":"completed","completed_at":"2026-05-18T18:18:31.911Z"}"
"159","2026-05-18T18:18:36.880178+00:00","2bc34c88-b092-45e2-8763-866f327da052","{"status":"completed","completed_at":"2026-05-18T18:18:36.814Z"}"
"160","2026-05-18T18:18:41.919201+00:00","8fd6a512-3072-49f5-a4bf-b2d46113d60b","{"status":"completed","completed_at":"2026-05-18T18:18:41.892Z"}"
"161","2026-05-18T18:18:47.027092+00:00","ebac334a-ce5c-44d9-b2c4-8d435f204a6a","{"status":"completed","completed_at":"2026-05-18T18:18:46.980Z"}"
"162","2026-05-18T18:18:51.887171+00:00","92beac1f-36be-4e7c-9a5f-2ad8a89f2e0d","{"status":"completed","completed_at":"2026-05-18T18:18:51.830Z"}"
"163","2026-05-18T18:18:56.899451+00:00","948ef13c-a9be-481f-856d-82c3b4b73af9","{"status":"completed","completed_at":"2026-05-18T18:18:56.857Z"}"
"164","2026-05-18T18:19:02.060228+00:00","347e2a1e-d388-4fe6-a995-9109046cf598","{"status":"completed","completed_at":"2026-05-18T18:19:02.046Z"}"
"165","2026-05-18T18:19:07.094584+00:00","2defb487-ca8b-41f5-9a8e-dd7b298f3f43","{"status":"completed","completed_at":"2026-05-18T18:19:07.137Z"}"
"166","2026-05-18T18:19:12.025861+00:00","e46a93fc-366a-4759-88d7-2bed00c52388","{"status":"completed","completed_at":"2026-05-18T18:19:12.052Z"}"
"167","2026-05-18T18:19:17.018544+00:00","9f2a4860-e400-4f17-8f62-42a427cf0c7a","{"status":"completed","completed_at":"2026-05-18T18:19:16.992Z"}"
"168","2026-05-18T18:19:22.036902+00:00","2dba3141-4aef-4873-b5e7-feda18804f6d","{"status":"completed","completed_at":"2026-05-18T18:19:22.010Z"}"
"169","2026-05-18T18:19:27.458015+00:00","5202749e-fa58-4b02-ba15-f37ca74fe1aa","{"status":"completed","completed_at":"2026-05-18T18:19:27.623Z"}"
"170","2026-05-18T18:19:31.928236+00:00","754db859-4535-4226-a998-989a340efb74","{"status":"completed","completed_at":"2026-05-18T18:19:31.899Z"}"
"171","2026-05-18T18:19:36.995204+00:00","04616019-3bab-4946-9385-6263361a6403","{"status":"completed","completed_at":"2026-05-18T18:19:36.943Z"}"
"172","2026-05-18T18:19:41.996641+00:00","5fd0c6f5-95bf-4b14-812c-e9ea70e90224","{"status":"completed","completed_at":"2026-05-18T18:19:41.923Z"}"
"173","2026-05-18T18:19:47.013295+00:00","45800b9d-bd94-4ab3-afae-0cb4907118d9","{"status":"completed","completed_at":"2026-05-18T18:19:46.983Z"}"
"174","2026-05-18T18:19:52.055914+00:00","c7728a1c-d6b0-4516-a600-49076a576558","{"status":"completed","completed_at":"2026-05-18T18:19:51.991Z"}"
"175","2026-05-18T18:19:57.040739+00:00","87e98a5e-73be-43e9-a288-a79a369f03c6","{"status":"completed","completed_at":"2026-05-18T18:19:56.983Z"}"
"176","2026-05-18T18:20:02.109069+00:00","1f42dfa1-1bae-4afe-9df2-0a5d7ac1bc05","{"status":"completed","completed_at":"2026-05-18T18:20:02.066Z"}"
"177","2026-05-18T18:20:08.191947+00:00","b5ee37af-9ab7-4ec6-a1af-6a1b8a1ec83f","{"status":"completed","completed_at":"2026-05-18T18:20:08.129Z"}"
"178","2026-05-18T18:20:11.949996+00:00","ac6c7215-c51b-4883-9348-ce3fcdff9871","{"status":"completed","completed_at":"2026-05-18T18:20:11.873Z"}"
"179","2026-05-18T18:20:17.061992+00:00","ae5c1e4b-ff4a-4d31-af61-4d80f7109d51","{"status":"completed","completed_at":"2026-05-18T18:20:16.991Z"}"
"180","2026-05-18T18:20:22.350749+00:00","848e9898-2f00-4177-904b-e6fbe590f65a","{"status":"completed","completed_at":"2026-05-18T18:20:23.549Z"}"
"181","2026-05-18T18:23:22.449594+00:00","30974e65-e5a0-48ae-b248-61991372aaf1","{"status":"completed","completed_at":"2026-05-18T18:23:22.396Z"}"
"182","2026-05-18T18:23:27.363998+00:00","bb4bf658-5230-45fd-9e93-82bfd1e9295b","{"status":"completed","completed_at":"2026-05-18T18:23:27.312Z"}"
"183","2026-05-18T18:23:32.344305+00:00","e49e321c-5a30-4913-ad77-1104e64ff9b7","{"status":"completed","completed_at":"2026-05-18T18:23:32.277Z"}"
"184","2026-05-18T18:23:37.408097+00:00","0514515a-451c-4bfc-8232-94cd4b50bb66","{"status":"completed","completed_at":"2026-05-18T18:23:37.380Z"}"
"185","2026-05-18T18:23:42.382951+00:00","1ee4c4d1-f64d-4204-8678-6b081caa3ecf","{"status":"completed","completed_at":"2026-05-18T18:23:42.344Z"}"
"186","2026-05-18T18:23:47.429722+00:00","a46662e3-3d10-411a-84f1-bce2236f72a5","{"status":"completed","completed_at":"2026-05-18T18:23:47.376Z"}"
"187","2026-05-18T18:23:52.488563+00:00","4a15236d-746f-48df-9825-4fa738d57ea5","{"status":"completed","completed_at":"2026-05-18T18:23:52.459Z"}"
"188","2026-05-18T18:23:57.433957+00:00","cf6e7545-f96f-445c-8ad4-974e78fc4231","{"status":"completed","completed_at":"2026-05-18T18:23:57.404Z"}"
"189","2026-05-18T18:24:02.40653+00:00","9d72f903-a822-4e9b-bcc7-67f7c968da18","{"status":"completed","completed_at":"2026-05-18T18:24:02.329Z"}"
"190","2026-05-18T18:24:07.438896+00:00","b9683ebb-dedd-48cc-b0e4-1f9b3531ad87","{"status":"completed","completed_at":"2026-05-18T18:24:07.390Z"}"
"191","2026-05-18T18:25:56.423955+00:00","cfb52bc0-1b02-44b1-ae29-e4a79a1770ae","{"status":"completed","completed_at":"2026-05-18T18:25:56.419Z"}"
"192","2026-05-18T18:26:01.46575+00:00","8054ce49-6fb4-49ca-a398-dfa1eb4e38f6","{"status":"completed","completed_at":"2026-05-18T18:26:01.411Z"}"
"193","2026-05-18T18:26:06.530591+00:00","afbdc4dc-32bc-4c12-874d-af0a75ddf3c8","{"status":"completed","completed_at":"2026-05-18T18:26:06.462Z"}"
"194","2026-05-18T18:26:11.527996+00:00","ccb16e99-2b02-4ea2-9c35-425f3f10dea4","{"status":"completed","completed_at":"2026-05-18T18:26:11.491Z"}"
"195","2026-05-18T18:26:16.529648+00:00","1804f360-ab75-41da-a735-77fcf1821b55","{"status":"completed","completed_at":"2026-05-18T18:26:16.479Z"}"
"196","2026-05-18T18:26:21.505659+00:00","ec281836-3ee4-444a-b5b5-878900d01998","{"status":"completed","completed_at":"2026-05-18T18:26:21.467Z"}"
"197","2026-05-18T18:26:26.516008+00:00","fffaa1a0-21d5-4ee6-bfc0-cad5adea53ed","{"status":"completed","completed_at":"2026-05-18T18:26:26.459Z"}"
"198","2026-05-18T18:26:31.554068+00:00","5e4bc9ae-1d99-4dd5-8b28-590b5cf40f64","{"status":"completed","completed_at":"2026-05-18T18:26:31.523Z"}"
"199","2026-05-18T18:26:36.50645+00:00","cb075550-e75e-4583-9a5a-9d86002c5c49","{"status":"completed","completed_at":"2026-05-18T18:26:36.428Z"}"
"200","2026-05-18T18:26:41.638736+00:00","65c4bc9e-0a12-4f51-83a2-b68a6cce8634","{"status":"completed","completed_at":"2026-05-18T18:26:41.563Z"}"
"201","2026-05-18T18:26:55.70843+00:00","6d2ac9c8-2bbe-41ae-90c3-263e5654c3d6","{"status":"completed","completed_at":"2026-05-18T18:26:56.447Z"}"
"202","2026-05-18T18:27:02.969033+00:00","ad8dc36b-463f-4a5d-baef-504f29a2944d","{"status":"completed","completed_at":"2026-05-18T18:27:03.035Z"}"
"203","2026-05-18T18:27:06.779845+00:00","67c71acb-f517-4ca0-b920-c6f322c8118d","{"status":"completed","completed_at":"2026-05-18T18:27:06.724Z"}"
"204","2026-05-18T18:27:11.659303+00:00","e472dc9f-2a85-49df-a6de-f41700faaec7","{"status":"completed","completed_at":"2026-05-18T18:27:11.675Z"}"
"205","2026-05-18T18:27:16.767066+00:00","2ba4339e-8a31-4cf7-bbe6-a89e85bb3a32","{"status":"completed","completed_at":"2026-05-18T18:27:16.746Z"}"
"206","2026-05-18T18:27:21.810663+00:00","1e0f5e32-4abd-495c-89f3-70c8f43cde72","{"status":"completed","completed_at":"2026-05-18T18:27:21.811Z"}"
"207","2026-05-18T18:27:27.716884+00:00","c71f58df-ed52-4f0c-aae2-62cb9954a077","{"status":"completed","completed_at":"2026-05-18T18:27:27.703Z"}"
"208","2026-05-18T18:27:31.607302+00:00","93bbb0c4-a697-4802-92b9-391dd50047c5","{"status":"completed","completed_at":"2026-05-18T18:27:31.811Z"}"
"209","2026-05-18T18:27:37.02135+00:00","8b5ca91b-a438-4150-a4e1-e13211134d16","{"status":"completed","completed_at":"2026-05-18T18:27:37.200Z"}"
"210","2026-05-18T18:27:41.611493+00:00","513cc289-2780-4877-bdae-411b7ac7be56","{"status":"completed","completed_at":"2026-05-18T18:27:41.597Z"}"
"211","2026-05-18T18:27:46.736086+00:00","25e4593b-abf2-4080-9384-ee3f44322898","{"status":"completed","completed_at":"2026-05-18T18:27:46.695Z"}"
"212","2026-05-18T18:27:53.239923+00:00","c189dc18-492b-489e-b807-902ab734aea2","{"status":"completed","completed_at":"2026-05-18T18:27:53.377Z"}"
"213","2026-05-18T18:27:56.663923+00:00","2d5067de-76a7-44d8-9104-7acc50016bdc","{"status":"completed","completed_at":"2026-05-18T18:27:56.659Z"}"
"214","2026-05-18T18:28:01.844174+00:00","aca740a1-f3fe-4a2d-9e86-a6adb2b1374a","{"status":"completed","completed_at":"2026-05-18T18:28:01.835Z"}"
"215","2026-05-18T18:28:06.961688+00:00","131a6926-ab9d-48c8-8d72-fb3e56444a24","{"status":"completed","completed_at":"2026-05-18T18:28:06.923Z"}"
"216","2026-05-18T18:28:11.946689+00:00","e4782625-86b9-412c-8356-df6927a2ae4e","{"status":"completed","completed_at":"2026-05-18T18:28:11.994Z"}"
"217","2026-05-18T18:28:17.013201+00:00","f9b9bf98-5f8b-4ee8-a01e-e51600557ae5","{"status":"completed","completed_at":"2026-05-18T18:28:17.038Z"}"
"218","2026-05-18T18:28:22.30968+00:00","41703a89-bc76-4ab6-bcc4-14da21295d43","{"status":"completed","completed_at":"2026-05-18T18:28:22.591Z"}"
"219","2026-05-18T18:28:26.768286+00:00","922e229c-f312-42a4-b62b-ea550e9d2ea3","{"status":"completed","completed_at":"2026-05-18T18:28:26.736Z"}"
"220","2026-05-18T18:28:32.264084+00:00","a90a7d7c-a393-4f6a-9f21-3cd4ff981f1e","{"status":"completed","completed_at":"2026-05-18T18:28:32.262Z"}"
"221","2026-05-18T18:28:37.708912+00:00","0154d989-d2fb-4e95-aac1-1e4ecfb66bd8","{"status":"completed","completed_at":"2026-05-18T18:28:38.170Z"}"
"222","2026-05-18T18:28:41.881406+00:00","95d25953-8908-4fe0-9252-4687f52d413d","{"status":"completed","completed_at":"2026-05-18T18:28:41.821Z"}"
"223","2026-05-18T18:28:47.050274+00:00","1c706121-df4a-4863-a7e6-50f5aca33922","{"status":"completed","completed_at":"2026-05-18T18:28:47.033Z"}"
"224","2026-05-18T18:28:52.125692+00:00","f105b6bb-f358-4f18-a60c-b40ec17d8648","{"status":"completed","completed_at":"2026-05-18T18:28:52.168Z"}"
"225","2026-05-18T18:28:57.06484+00:00","5f282181-45e6-43e7-bffb-5ecb28e99d49","{"status":"completed","completed_at":"2026-05-18T18:28:57.026Z"}"
"226","2026-05-18T18:29:02.463556+00:00","127fe35d-32fb-4f50-848b-4bcaeb986956","{"status":"completed","completed_at":"2026-05-18T18:29:02.408Z"}"
"227","2026-05-18T18:29:07.07572+00:00","1aabfd96-2921-4490-b0d2-57297e45ef34","{"status":"completed","completed_at":"2026-05-18T18:29:07.039Z"}"
"228","2026-05-18T18:29:12.087267+00:00","e88e2b22-583e-4f39-b0ab-80d5045fa42e","{"status":"completed","completed_at":"2026-05-18T18:29:12.765Z"}"
"229","2026-05-18T18:29:17.278072+00:00","546ff0ca-3f9b-4d50-9a1b-fafd4c2bbd04","{"status":"completed","completed_at":"2026-05-18T18:29:17.533Z"}"
"230","2026-05-18T18:29:22.102499+00:00","067c5367-911e-47c2-8413-0749ad6c84df","{"status":"completed","completed_at":"2026-05-18T18:29:22.544Z"}"
"231","2026-05-18T18:29:27.001599+00:00","a00c8b22-a70a-4c82-a415-5000f671a3f3","{"status":"completed","completed_at":"2026-05-18T18:29:26.947Z"}"
"232","2026-05-18T18:29:32.072054+00:00","0cbad1f6-bd41-48d4-8eb7-9a452ebe1c67","{"status":"completed","completed_at":"2026-05-18T18:29:32.264Z"}"
"233","2026-05-18T18:29:37.153065+00:00","fa4bd1df-0620-4825-856b-e139cda8a0d3","{"status":"completed","completed_at":"2026-05-18T18:29:37.153Z"}"
"234","2026-05-18T18:29:42.166336+00:00","7fb728d5-bbc2-486e-8611-627e46725ffc","{"status":"completed","completed_at":"2026-05-18T18:29:42.133Z"}"
"235","2026-05-18T18:29:47.183085+00:00","be558beb-1723-40a4-b5a4-0b7100ea7a1b","{"status":"completed","completed_at":"2026-05-18T18:29:47.688Z"}"
"236","2026-05-18T18:29:52.017784+00:00","651e4cda-9f2a-4f70-95b3-ddec491b13b6","{"status":"completed","completed_at":"2026-05-18T18:29:52.545Z"}"
"237","2026-05-18T18:29:57.044581+00:00","ab8e8a47-3916-4d03-bc36-2e7f12bebd9b","{"status":"completed","completed_at":"2026-05-18T18:29:57.510Z"}"
"238","2026-05-18T18:30:02.194374+00:00","3b3a24f4-f486-4a20-8e31-e22562b4a1fa","{"status":"completed","completed_at":"2026-05-18T18:30:02.485Z"}"
"239","2026-05-18T18:30:07.168661+00:00","549b5e45-431d-406f-b37e-e48e3e151a30","{"status":"completed","completed_at":"2026-05-18T18:30:07.161Z"}"
"240","2026-05-18T18:30:12.800771+00:00","618d0e51-4c9a-4621-b121-993253084545","{"status":"completed","completed_at":"2026-05-18T18:30:13.231Z"}"
"241","2026-05-18T18:30:17.137033+00:00","13b04e1e-9c0a-4a9b-9e5c-39de207aa54f","{"status":"completed","completed_at":"2026-05-18T18:30:17.120Z"}"
"242","2026-05-18T18:30:22.29486+00:00","23ee0190-8d63-4dcd-a412-e60801d9d773","{"status":"completed","completed_at":"2026-05-18T18:30:22.552Z"}"
"243","2026-05-18T18:30:27.15178+00:00","33edb5c8-03ff-41bd-b8f3-9899068fcbca","{"status":"completed","completed_at":"2026-05-18T18:30:27.165Z"}"
"244","2026-05-18T18:30:32.970772+00:00","7539a19d-7d39-4230-89c3-7b3cb0642c4d","{"status":"completed","completed_at":"2026-05-18T18:30:33.526Z"}"
"245","2026-05-18T18:30:39.681755+00:00","b7d37a93-6b0f-47ed-b275-615406f28d41","{"status":"completed","completed_at":"2026-05-18T18:30:39.846Z"}"
"246","2026-05-18T18:30:42.491869+00:00","cb4b247e-e387-4f91-8241-1e5a3e2bf034","{"status":"completed","completed_at":"2026-05-18T18:30:42.461Z"}"
"247","2026-05-18T18:30:47.285751+00:00","3e7c91da-4d04-43cd-9e1f-ce595504419e","{"status":"completed","completed_at":"2026-05-18T18:30:47.259Z"}"
"248","2026-05-18T18:30:52.615825+00:00","8ea8cb4d-64d2-48a0-ba24-32b82e31dad8","{"status":"completed","completed_at":"2026-05-18T18:30:53.365Z"}"
"249","2026-05-18T18:30:57.182877+00:00","91cf4f9b-a91a-4197-be60-c8dcc2a40ea3","{"status":"completed","completed_at":"2026-05-18T18:30:57.122Z"}"
"250","2026-05-18T18:31:02.379181+00:00","45dd0eeb-eed8-4965-a9b8-a6beb4599e88","{"status":"completed","completed_at":"2026-05-18T18:31:02.384Z"}"
"251","2026-05-18T18:31:07.351363+00:00","1a22c62b-e991-44c0-8747-a4b4313600df","{"status":"completed","completed_at":"2026-05-18T18:31:07.597Z"}"
"252","2026-05-18T18:31:12.274008+00:00","4f8ea147-6487-46d3-a6e7-7a8cbb9de215","{"status":"completed","completed_at":"2026-05-18T18:31:12.268Z"}"
"253","2026-05-18T18:31:17.665508+00:00","719d6557-5f46-43b9-9bb1-a27619cbff1a","{"status":"completed","completed_at":"2026-05-18T18:31:17.829Z"}"
"254","2026-05-18T18:31:22.285876+00:00","00c0ae5f-5fa8-41ca-99f5-45929b328374","{"status":"completed","completed_at":"2026-05-18T18:31:22.242Z"}"
"255","2026-05-18T18:31:27.402388+00:00","72b8e3eb-d794-4ac6-bc69-f455835bd96d","{"status":"completed","completed_at":"2026-05-18T18:31:27.370Z"}"
"256","2026-05-18T18:31:32.379186+00:00","a039e342-492c-45fd-b9b6-99c4363d8ee7","{"status":"completed","completed_at":"2026-05-18T18:31:32.352Z"}"
"257","2026-05-18T18:31:37.393311+00:00","a3ebef77-642a-4580-82d5-c1ffa3aef60c","{"status":"completed","completed_at":"2026-05-18T18:31:37.356Z"}"
"258","2026-05-18T18:31:42.799323+00:00","5a7aaad8-7ecc-4059-8ea0-f73d840e7946","{"status":"completed","completed_at":"2026-05-18T18:31:42.744Z"}"
"259","2026-05-18T18:31:47.264725+00:00","5a8be9f3-d8a9-46d1-8113-6f34070e786a","{"status":"completed","completed_at":"2026-05-18T18:31:47.249Z"}"
"260","2026-05-18T18:31:52.448944+00:00","ae52baf2-7b7c-4f2a-b164-16622ce35299","{"status":"completed","completed_at":"2026-05-18T18:31:52.658Z"}"
"261","2026-05-18T18:31:57.494725+00:00","a87b2e06-894c-429b-b3ac-6ed113520a24","{"status":"completed","completed_at":"2026-05-18T18:31:57.482Z"}"
"262","2026-05-18T18:32:02.731278+00:00","c3fd0bf0-0ece-49be-a974-057b56d37682","{"status":"completed","completed_at":"2026-05-18T18:32:02.719Z"}"
"263","2026-05-18T18:32:07.468909+00:00","3354838f-12f7-41d5-b3b1-4ee011ad125b","{"status":"completed","completed_at":"2026-05-18T18:32:07.725Z"}"
"264","2026-05-18T18:32:12.671775+00:00","6cc92455-fdd1-4e96-a5e2-c84f7ecdde3d","{"status":"completed","completed_at":"2026-05-18T18:32:12.971Z"}"
"265","2026-05-18T18:32:17.661131+00:00","bbbdade6-bfce-4c05-bbb2-d96b7f7ff16a","{"status":"completed","completed_at":"2026-05-18T18:32:17.674Z"}"
"266","2026-05-18T18:32:23.072952+00:00","ed2a9cd9-e3df-449d-b3bf-e0b15b0c5ef5","{"status":"completed","completed_at":"2026-05-18T18:32:23.090Z"}"
"267","2026-05-18T18:32:27.395272+00:00","f781848b-05fa-428d-af66-35611469fcd9","{"status":"completed","completed_at":"2026-05-18T18:32:27.381Z"}"
"268","2026-05-18T18:32:32.443547+00:00","b4f37bb3-b1dd-4093-bd4d-12a94f19a2f6","{"status":"completed","completed_at":"2026-05-18T18:32:32.409Z"}"
"269","2026-05-18T18:32:37.490989+00:00","52383e30-fb89-481a-ba1a-3148d18aab61","{"status":"completed","completed_at":"2026-05-18T18:32:37.520Z"}"
"270","2026-05-18T18:32:42.950619+00:00","6d1fa162-a8ec-4836-8ec9-ee0c2ea8687e","{"status":"completed","completed_at":"2026-05-18T18:32:42.926Z"}"
"271","2026-05-18T18:32:47.529293+00:00","71dc9fb0-a6d3-4f7c-82f2-d73d8120e03f","{"status":"completed","completed_at":"2026-05-18T18:32:47.672Z"}"
"272","2026-05-18T18:32:54.094239+00:00","7c358462-9487-433e-b6c4-c8d57cf65315","{"status":"completed","completed_at":"2026-05-18T18:32:54.413Z"}"
"273","2026-05-18T18:32:57.983656+00:00","2547d2d3-b785-437d-a938-f9638502efb3","{"status":"completed","completed_at":"2026-05-18T18:32:58.118Z"}"
"274","2026-05-18T18:33:02.747609+00:00","4de96734-61ab-4cb1-badb-a6f64f2c1738","{"status":"completed","completed_at":"2026-05-18T18:33:03.010Z"}"
"275","2026-05-18T18:33:07.614377+00:00","8f4fc31b-7881-4fcd-80e1-31a6fa6a23c3","{"status":"completed","completed_at":"2026-05-18T18:33:07.984Z"}"
"276","2026-05-18T18:33:12.411127+00:00","4ba3f5e0-9bd3-42a1-8184-eb0cae9a1cdb","{"status":"completed","completed_at":"2026-05-18T18:33:12.395Z"}"
"277","2026-05-18T18:33:17.77892+00:00","81096197-d3f9-4f68-9e0c-0d50db2e64de","{"status":"completed","completed_at":"2026-05-18T18:33:17.722Z"}"
"278","2026-05-18T18:33:22.841157+00:00","0391e51e-1b35-4974-94f2-979c41d10835","{"status":"completed","completed_at":"2026-05-18T18:33:22.806Z"}"
"279","2026-05-18T18:33:27.431651+00:00","94d9d65c-7c9c-4211-9f3a-f5a1a41b78e6","{"status":"completed","completed_at":"2026-05-18T18:33:27.394Z"}"
"280","2026-05-18T18:33:32.630715+00:00","5cfc6014-570d-420c-bf96-5e8ad03f2b39","{"status":"completed","completed_at":"2026-05-18T18:33:32.635Z"}"
"281","2026-05-18T18:33:37.620445+00:00","7ba65555-c472-4342-aa41-d45285376fdc","{"status":"completed","completed_at":"2026-05-18T18:33:37.679Z"}"
"282","2026-05-18T18:33:42.687439+00:00","92660b0a-70e6-4f9c-a255-67906f2deab2","{"status":"completed","completed_at":"2026-05-18T18:33:42.892Z"}"
"283","2026-05-18T18:33:47.732026+00:00","dfa348bb-23bf-41d5-8752-15af920744eb","{"status":"completed","completed_at":"2026-05-18T18:33:47.684Z"}"
"284","2026-05-18T18:33:52.624214+00:00","86c43c7c-9f35-4073-a4bc-6a896eea3c23","{"status":"completed","completed_at":"2026-05-18T18:33:52.597Z"}"
"285","2026-05-18T18:33:57.638118+00:00","1da6009e-b16d-4db4-9daf-f784f55d0b51","{"status":"completed","completed_at":"2026-05-18T18:33:57.892Z"}"
"286","2026-05-18T18:34:03.050431+00:00","d2b52143-1851-4e32-994c-302c6938d734","{"status":"completed","completed_at":"2026-05-18T18:34:03.032Z"}"
"287","2026-05-18T18:34:07.71587+00:00","e23e8867-c530-419d-a1b8-3f48157f5359","{"status":"completed","completed_at":"2026-05-18T18:34:07.677Z"}"
"288","2026-05-18T18:34:13.021123+00:00","70a7079f-94c4-4f64-8e2a-c36c848fad20","{"status":"completed","completed_at":"2026-05-18T18:34:13.661Z"}"
"289","2026-05-18T18:34:17.55233+00:00","569a3b90-5806-451e-8a91-c533c1e60eda","{"status":"completed","completed_at":"2026-05-18T18:34:17.572Z"}"
"290","2026-05-18T18:34:23.614311+00:00","e431da18-c1ea-4dbe-bbed-7c73eccf04b7","{"status":"completed","completed_at":"2026-05-18T18:34:23.597Z"}"
"291","2026-05-18T18:34:27.605895+00:00","b8ee1877-8aec-4f8f-a5e0-169abb29b38d","{"status":"completed","completed_at":"2026-05-18T18:34:27.597Z"}"
"292","2026-05-18T18:34:32.708118+00:00","6c4a1ed4-cce2-4579-a135-2749d80c6edb","{"status":"completed","completed_at":"2026-05-18T18:34:32.969Z"}"
"293","2026-05-18T18:34:37.757296+00:00","dceed6d1-9e2f-4abb-8176-3fcca112d318","{"status":"completed","completed_at":"2026-05-18T18:34:37.712Z"}"
"294","2026-05-18T18:34:42.631161+00:00","30a072d4-15c0-48f8-8b03-3fe0d1c58e4c","{"status":"completed","completed_at":"2026-05-18T18:34:42.578Z"}"
"295","2026-05-18T18:34:47.865175+00:00","fa49a76d-bef9-4659-976a-3816f00c5ee6","{"status":"completed","completed_at":"2026-05-18T18:34:48.058Z"}"
"296","2026-05-18T18:34:52.805212+00:00","9490738f-6e78-4b6b-9e5a-f77aa3b79a9b","{"status":"completed","completed_at":"2026-05-18T18:34:53.048Z"}"
"297","2026-05-18T18:34:57.763793+00:00","6227f2a3-c0e9-49d9-9d53-da1ce7261a54","{"status":"completed","completed_at":"2026-05-18T18:34:57.735Z"}"
"298","2026-05-18T18:35:02.762191+00:00","8bbf9075-2500-4747-a6b1-a784e052c0b1","{"status":"completed","completed_at":"2026-05-18T18:35:02.832Z"}"
"299","2026-05-18T18:35:07.929439+00:00","28e2cd03-eb51-415d-b253-10ed71dfc56b","{"status":"completed","completed_at":"2026-05-18T18:35:07.959Z"}"
"300","2026-05-18T18:35:12.905419+00:00","76373710-5f20-4a38-9d89-b64b5cff6d7d","{"status":"completed","completed_at":"2026-05-18T18:35:13.113Z"}"
"301","2026-05-18T18:35:17.609751+00:00","6484ca1f-5147-470c-9a9d-6eaead6bc9fa","{"status":"completed","completed_at":"2026-05-18T18:35:17.610Z"}"
"302","2026-05-18T18:35:22.778835+00:00","3edf89b9-a295-4cb5-b186-e50dd7854b72","{"status":"completed","completed_at":"2026-05-18T18:35:22.765Z"}"
"303","2026-05-18T18:35:28.232938+00:00","1ce604a0-de59-43ab-8c3f-514100c5a0f6","{"status":"completed","completed_at":"2026-05-18T18:35:28.266Z"}"
"304","2026-05-18T18:35:32.935864+00:00","8bdfde08-03fa-4c78-bba0-103935095d8c","{"status":"completed","completed_at":"2026-05-18T18:35:34.249Z"}"
"305","2026-05-18T18:35:37.944537+00:00","52d6c94a-25bc-4976-8484-3ae1b135ec48","{"status":"completed","completed_at":"2026-05-18T18:35:38.175Z"}"
"306","2026-05-18T18:35:42.9559+00:00","4d0eb875-0f04-48d5-a5d7-fdd5380ce478","{"status":"completed","completed_at":"2026-05-18T18:35:42.985Z"}"
"307","2026-05-18T18:35:48.863982+00:00","9f8272d2-3f2e-41d4-9bd0-72342b3b0a86","{"status":"completed","completed_at":"2026-05-18T18:35:49.697Z"}"
"308","2026-05-18T18:35:52.668005+00:00","3795acc3-07d0-492a-813d-f5b344e212be","{"status":"completed","completed_at":"2026-05-18T18:35:53.148Z"}"
"309","2026-05-18T18:35:57.854945+00:00","b25878eb-5212-4491-915c-9f696df8c8e7","{"status":"completed","completed_at":"2026-05-18T18:35:57.842Z"}"
"310","2026-05-18T18:36:02.81956+00:00","1507f019-48fe-4021-bc35-cf9e26b623c4","{"status":"completed","completed_at":"2026-05-18T18:36:03.095Z"}"
"311","2026-05-18T18:36:08.560048+00:00","cc4552cc-67a3-42d3-936b-710b4f2701de","{"status":"completed","completed_at":"2026-05-18T18:36:08.507Z"}"
"312","2026-05-18T18:36:12.694605+00:00","188d67a9-f38b-4aee-a1d9-bb5060c10552","{"status":"completed","completed_at":"2026-05-18T18:36:12.663Z"}"
"313","2026-05-18T18:36:17.817142+00:00","4cc0f3a4-5086-4a85-867c-3fb34acd9d7e","{"status":"completed","completed_at":"2026-05-18T18:36:17.832Z"}"
"314","2026-05-18T18:36:23.215309+00:00","041cc122-878c-431f-a0e0-571c56429ff2","{"status":"completed","completed_at":"2026-05-18T18:36:23.219Z"}"
"315","2026-05-18T18:36:27.709542+00:00","51cb3e25-5c6e-4f39-8bd0-b24548059783","{"status":"completed","completed_at":"2026-05-18T18:36:28.517Z"}"
"316","2026-05-18T18:36:32.979604+00:00","a112a31a-5452-4927-8083-2b16739d2ea5","{"status":"completed","completed_at":"2026-05-18T18:36:33.027Z"}"
"317","2026-05-18T18:36:38.097602+00:00","70de259d-e7a1-4f3f-a2f0-bbfe0ba6d1df","{"status":"completed","completed_at":"2026-05-18T18:36:38.748Z"}"
"318","2026-05-18T18:36:43.024593+00:00","203708ba-4c5d-41a2-ba73-76076c012f1e","{"status":"completed","completed_at":"2026-05-18T18:36:44.640Z"}"
"319","2026-05-18T18:36:47.681816+00:00","7024bd9f-ae11-4a95-98ae-fb3ac639f271","{"status":"completed","completed_at":"2026-05-18T18:36:47.651Z"}"
"320","2026-05-18T18:36:53.904716+00:00","3c3bd9bd-dc4c-42d3-91d8-f0de29be9aa4","{"status":"completed","completed_at":"2026-05-18T18:36:53.918Z"}"
"321","2026-05-18T18:36:57.860946+00:00","aebf8fa5-8b51-45bd-b125-ecc43344bc1e","{"status":"completed","completed_at":"2026-05-18T18:36:57.898Z"}"
"322","2026-05-18T18:37:02.934168+00:00","33d35fe3-0b78-488d-a79f-14f8e1929e2a","{"status":"completed","completed_at":"2026-05-18T18:37:02.921Z"}"
"323","2026-05-18T18:37:08.004995+00:00","6cab39ec-d8ee-4bb2-9d48-2d6eabad25be","{"status":"completed","completed_at":"2026-05-18T18:37:07.986Z"}"
"324","2026-05-18T18:37:13.533191+00:00","df2db292-8096-4729-b2e5-7f8262814928","{"status":"completed","completed_at":"2026-05-18T18:37:13.513Z"}"
"325","2026-05-18T18:37:18.212315+00:00","1c9618e1-a0bd-4f38-af76-cff4fd6b142c","{"status":"completed","completed_at":"2026-05-18T18:37:18.224Z"}"
"326","2026-05-18T18:37:22.77546+00:00","21ba9b57-ad71-4694-ae82-07b852eae73e","{"status":"completed","completed_at":"2026-05-18T18:37:22.717Z"}"
"327","2026-05-18T18:37:28.21245+00:00","b8b537b3-eb67-4777-bd28-a477fd3871be","{"status":"completed","completed_at":"2026-05-18T18:37:28.186Z"}"
"328","2026-05-18T18:37:34.559031+00:00","7910a21e-6b72-460b-9d93-0bafb4128f61","{"status":"completed","completed_at":"2026-05-18T18:37:34.560Z"}"
"329","2026-05-18T18:37:38.403179+00:00","a93bfabb-0c8c-45e0-8624-ffb3a2b74232","{"status":"completed","completed_at":"2026-05-18T18:37:38.393Z"}"
"330","2026-05-18T18:37:42.853222+00:00","478c1a16-ad5c-49c7-9afb-9695e9454a68","{"status":"completed","completed_at":"2026-05-18T18:37:42.828Z"}"
"331","2026-05-18T18:37:48.044211+00:00","dd64f813-7209-421e-8d6e-81c26149c539","{"status":"completed","completed_at":"2026-05-18T18:37:48.066Z"}"
"332","2026-05-18T18:37:52.897702+00:00","f9d5d32d-6675-4651-81c6-543e159ee2b7","{"status":"completed","completed_at":"2026-05-18T18:37:53.482Z"}"
"333","2026-05-18T18:38:01.733589+00:00","bd589785-a77b-4142-8bf2-45ae13fbf9f7","{"status":"completed","completed_at":"2026-05-18T18:38:01.759Z"}"
"334","2026-05-18T18:38:02.834553+00:00","2fc869eb-1505-444f-8e41-e8b0c8112cb1","{"status":"completed","completed_at":"2026-05-18T18:38:02.784Z"}"
"335","2026-05-18T18:38:09.372328+00:00","6d17c948-e1c7-4eb8-a73e-daceafee8fb4","{"status":"completed","completed_at":"2026-05-18T18:38:09.365Z"}"
"336","2026-05-18T18:38:12.829371+00:00","2d612aec-2490-4e4e-9a91-8e57b3867310","{"status":"completed","completed_at":"2026-05-18T18:38:12.852Z"}"
"337","2026-05-18T18:38:17.97671+00:00","53673fa3-f423-41d6-85c4-130c270f30ed","{"status":"completed","completed_at":"2026-05-18T18:38:17.915Z"}"
"338","2026-05-18T18:38:23.024838+00:00","35d63f72-461f-4c3d-b987-40560142cd50","{"status":"completed","completed_at":"2026-05-18T18:38:22.961Z"}"
"339","2026-05-18T18:38:27.9902+00:00","14da554a-5d97-4746-8d4c-0fcf1ae6a3f6","{"status":"completed","completed_at":"2026-05-18T18:38:27.980Z"}"
"340","2026-05-18T18:38:32.990728+00:00","1278b965-c6ac-4b28-8dc8-e671aea63f22","{"status":"completed","completed_at":"2026-05-18T18:38:32.959Z"}"
"341","2026-05-18T18:38:38.051273+00:00","6476c647-f559-4e7e-972b-aa5ee931d67d","{"status":"completed","completed_at":"2026-05-18T18:38:38.045Z"}"
"342","2026-05-18T18:38:43.115773+00:00","23c25f77-17a1-48ae-8f41-e396c8337123","{"status":"completed","completed_at":"2026-05-18T18:38:43.155Z"}"
"343","2026-05-18T18:38:48.12361+00:00","003e8f1c-81a2-45c0-a1fb-a43b510c6cce","{"status":"completed","completed_at":"2026-05-18T18:38:48.138Z"}"
"344","2026-05-18T18:38:53.138672+00:00","b352e77e-030e-4111-9272-84aef4c65235","{"status":"completed","completed_at":"2026-05-18T18:38:53.190Z"}"
"345","2026-05-18T18:38:58.090313+00:00","37bcc80e-0238-4e7e-ac23-71272142c31a","{"status":"completed","completed_at":"2026-05-18T18:38:58.094Z"}"
"346","2026-05-18T18:39:03.057609+00:00","63d760de-835e-4c5b-add8-150d1900334b","{"status":"completed","completed_at":"2026-05-18T18:39:03.246Z"}"
"347","2026-05-18T18:39:08.174171+00:00","a2030db2-dcb2-4cd3-a56b-53bd552751d6","{"status":"completed","completed_at":"2026-05-18T18:39:08.149Z"}"
"348","2026-05-18T18:39:13.417809+00:00","fb93bff6-a758-4901-b86c-3444c69e53d9","{"status":"completed","completed_at":"2026-05-18T18:39:13.446Z"}"
"349","2026-05-18T18:39:18.082431+00:00","3d83f69c-06a1-409c-a812-5b9d3edfb3c9","{"status":"completed","completed_at":"2026-05-18T18:39:18.081Z"}"
"350","2026-05-18T18:39:23.100394+00:00","0a81d419-01ff-465b-a667-5bcbfaef6de7","{"status":"completed","completed_at":"2026-05-18T18:39:23.068Z"}"
"351","2026-05-18T18:39:28.045621+00:00","13922274-41d6-43f4-b2da-1c46161b13ad","{"status":"completed","completed_at":"2026-05-18T18:39:28.287Z"}"
"352","2026-05-18T18:39:33.409511+00:00","b0702347-04c5-42d1-a41c-2e320839dff0","{"status":"completed","completed_at":"2026-05-18T18:39:33.359Z"}"
"353","2026-05-18T18:39:38.354343+00:00","f10826dc-3ccb-4c34-b5f9-ce7c19ec4e1f","{"status":"completed","completed_at":"2026-05-18T18:39:38.358Z"}"
"354","2026-05-18T18:39:43.47858+00:00","02c1dc42-d2fc-448b-be01-ee6f6be3efd7","{"status":"completed","completed_at":"2026-05-18T18:39:43.489Z"}"
"355","2026-05-18T18:39:48.445703+00:00","cea6dba3-7bd5-4519-9afa-392ec521e170","{"status":"completed","completed_at":"2026-05-18T18:39:48.751Z"}"
"356","2026-05-18T18:39:53.651474+00:00","43ea318c-67f6-4529-93ea-dd02e120e199","{"status":"completed","completed_at":"2026-05-18T18:39:53.892Z"}"
"357","2026-05-18T18:39:58.108361+00:00","cb6abf61-c016-4e04-895c-b62a3820063b","{"status":"completed","completed_at":"2026-05-18T18:39:58.066Z"}"
"358","2026-05-18T18:40:03.249867+00:00","d2ac33d9-7a89-4cda-88e5-f939d667b548","{"status":"completed","completed_at":"2026-05-18T18:40:03.237Z"}"
"359","2026-05-18T18:40:08.206989+00:00","0a08edc9-366a-4a08-9fdf-616cb8599f9c","{"status":"completed","completed_at":"2026-05-18T18:40:08.260Z"}"
"360","2026-05-18T18:40:13.209463+00:00","977cdcc8-4d2c-4e7f-8293-74479439e806","{"status":"completed","completed_at":"2026-05-18T18:40:13.356Z"}"
"361","2026-05-18T18:40:18.222532+00:00","a3afd87a-f317-4fd0-a80b-ee89d38a82a1","{"status":"completed","completed_at":"2026-05-18T18:40:18.171Z"}"
"362","2026-05-18T18:40:23.234043+00:00","2934687a-10cc-42fd-b816-6f85c2a9972a","{"status":"completed","completed_at":"2026-05-18T18:40:23.173Z"}"
"363","2026-05-18T18:40:28.775372+00:00","996385ee-eb81-48c0-884b-77b66a03b293","{"status":"completed","completed_at":"2026-05-18T18:40:28.845Z"}"
"364","2026-05-18T18:40:33.0696+00:00","eb434f1a-6ae0-4b6b-a7af-3606b6e49f61","{"status":"completed","completed_at":"2026-05-18T18:40:33.067Z"}"
"365","2026-05-18T18:40:38.694456+00:00","5feae1e7-6fe5-4fde-9e6d-f003f0a6d68d","{"status":"completed","completed_at":"2026-05-18T18:40:38.690Z"}"
"366","2026-05-18T18:40:45.650064+00:00","a3ac442f-0a23-4398-a641-5586cfa6623f","{"status":"completed","completed_at":"2026-05-18T18:40:46.220Z"}"
"367","2026-05-18T18:40:48.446769+00:00","f068098a-597f-4968-94dd-6fbd40bc1359","{"status":"completed","completed_at":"2026-05-18T18:40:49.499Z"}"
"368","2026-05-18T18:40:53.533679+00:00","a76c786a-85d3-47f1-a716-9b9c220ff8cd","{"status":"completed","completed_at":"2026-05-18T18:40:53.786Z"}"
"369","2026-05-18T18:40:58.206414+00:00","3cbf6bc0-ed75-45f3-9639-78d5feea1993","{"status":"completed","completed_at":"2026-05-18T18:40:58.246Z"}"
"370","2026-05-18T18:41:03.394744+00:00","d51472c7-998b-4c5d-a108-284715eaac77","{"status":"completed","completed_at":"2026-05-18T18:41:03.374Z"}"
"371","2026-05-18T18:41:08.274895+00:00","8f88cc53-7ba5-4c43-978e-5ceee0b6fa35","{"status":"completed","completed_at":"2026-05-18T18:41:08.283Z"}"
"372","2026-05-18T18:41:13.24673+00:00","a00a864d-8f9d-4999-b961-908faf7341f4","{"status":"completed","completed_at":"2026-05-18T18:41:13.218Z"}"
"373","2026-05-18T18:41:18.370419+00:00","ac6b8607-ebb6-4633-8d60-420e2102bf18","{"status":"completed","completed_at":"2026-05-18T18:41:18.598Z"}"
"374","2026-05-18T18:41:23.231313+00:00","1d96136c-f8c1-4693-8c09-b557435e7c14","{"status":"completed","completed_at":"2026-05-18T18:41:23.212Z"}"
"375","2026-05-18T18:41:28.399045+00:00","ea3c7eac-4c15-4208-aaac-ba864cd5b227","{"status":"completed","completed_at":"2026-05-18T18:41:28.412Z"}"
"376","2026-05-18T18:41:33.556954+00:00","b55bceff-7063-4897-a222-ae77bd5d1dfa","{"status":"completed","completed_at":"2026-05-18T18:41:33.863Z"}"
"377","2026-05-18T18:41:38.304304+00:00","83690b1b-8346-46db-9391-3dab423c30fa","{"status":"completed","completed_at":"2026-05-18T18:41:38.334Z"}"
"378","2026-05-18T18:41:43.461023+00:00","64c72448-6dab-43e2-aa92-28627e7a1181","{"status":"completed","completed_at":"2026-05-18T18:41:43.654Z"}"
"379","2026-05-18T18:41:48.508677+00:00","6c0bdef6-4579-410e-b89e-c7ec961e42d5","{"status":"completed","completed_at":"2026-05-18T18:41:49.775Z"}"
"380","2026-05-18T18:41:53.220289+00:00","deeb7ded-ff80-4925-858b-66d2fe30acd2","{"status":"completed","completed_at":"2026-05-18T18:41:53.535Z"}"
"381","2026-05-18T18:41:58.351037+00:00","1f7cfb6d-36b6-4ec2-acf0-237b19d88a6f","{"status":"completed","completed_at":"2026-05-18T18:41:58.354Z"}"
"382","2026-05-18T18:42:03.71059+00:00","b5af9ce5-88c1-4caa-b405-15afe9c61cbd","{"status":"completed","completed_at":"2026-05-18T18:42:03.866Z"}"
"383","2026-05-18T18:42:08.593012+00:00","2383e993-3c4a-4931-8950-b650d9996e88","{"status":"completed","completed_at":"2026-05-18T18:42:08.581Z"}"
"384","2026-05-18T18:42:13.363227+00:00","55dc0e68-5744-4c48-bf95-0844c954c2fa","{"status":"completed","completed_at":"2026-05-18T18:42:13.354Z"}"
"385","2026-05-18T18:42:19.019+00:00","252fd015-fd9c-40a5-af92-c318e2773773","{"status":"completed","completed_at":"2026-05-18T18:42:19.434Z"}"
"386","2026-05-18T18:42:23.525881+00:00","8a2559a1-339d-4ce6-9092-4986b62cb286","{"status":"completed","completed_at":"2026-05-18T18:42:23.502Z"}"
"387","2026-05-18T18:42:29.180317+00:00","0413d025-8d8f-4951-a1c7-ec5a37584176","{"status":"completed","completed_at":"2026-05-18T18:42:29.137Z"}"
"388","2026-05-18T18:42:33.632031+00:00","79a5e4df-f007-4567-97c1-855c928ce8dc","{"status":"completed","completed_at":"2026-05-18T18:42:33.618Z"}"
"389","2026-05-18T18:42:46.3408+00:00","5a297dd9-e5ec-4ef6-869a-3c77038573ec","{"status":"completed","completed_at":"2026-05-18T18:42:46.463Z"}"
"390","2026-05-18T18:42:48.513961+00:00","55a7a268-b688-4464-a034-f4d4d171e268","{"status":"completed","completed_at":"2026-05-18T18:42:48.453Z"}"
"391","2026-05-18T18:42:53.484523+00:00","730660fc-7780-4772-bf32-33472463f698","{"status":"completed","completed_at":"2026-05-18T18:42:53.463Z"}"
"392","2026-05-18T18:42:58.483659+00:00","ad98d7f6-e110-4ea0-b821-e9c60d1a298a","{"status":"completed","completed_at":"2026-05-18T18:42:58.423Z"}"
"393","2026-05-18T18:43:03.525137+00:00","2bf22856-2b0e-4c74-9e22-010be8e3b508","{"status":"completed","completed_at":"2026-05-18T18:43:03.697Z"}"
"394","2026-05-18T18:43:08.497358+00:00","ba8baa66-ca8c-4fd0-a059-c0eed6d7d79f","{"status":"completed","completed_at":"2026-05-18T18:43:08.505Z"}"
"395","2026-05-18T18:43:13.714108+00:00","28e23b54-74a3-45bc-8c19-0c7fcace1f04","{"status":"completed","completed_at":"2026-05-18T18:43:14.179Z"}"
"396","2026-05-18T18:43:18.638928+00:00","ab216215-8169-4ca0-a043-c72af604e92d","{"status":"completed","completed_at":"2026-05-18T18:43:18.595Z"}"
"397","2026-05-18T18:43:23.550423+00:00","7b044771-35dd-40ee-8fc2-988c05c1f91a","{"status":"completed","completed_at":"2026-05-18T18:43:23.499Z"}"
"398","2026-05-18T18:43:28.497144+00:00","b55ec446-5293-47c3-bbb6-ce83a67c0c38","{"status":"completed","completed_at":"2026-05-18T18:43:28.461Z"}"
"399","2026-05-18T18:43:33.878946+00:00","c3f7477d-a1b5-4ebc-9785-a58f4fb6a437","{"status":"completed","completed_at":"2026-05-18T18:43:33.866Z"}"
"400","2026-05-18T18:43:38.518416+00:00","d060bd08-1c4e-4f94-8369-37ff1c1d665e","{"status":"completed","completed_at":"2026-05-18T18:43:38.475Z"}"
"401","2026-05-18T18:43:43.837974+00:00","0ef66605-9fcf-404f-b1c1-079a72841d63","{"status":"completed","completed_at":"2026-05-18T18:43:44.013Z"}"
"402","2026-05-18T18:43:49.154362+00:00","e081ac7d-aa06-4cba-a338-216daaff18c7","{"status":"completed","completed_at":"2026-05-18T18:43:49.103Z"}"
"403","2026-05-18T18:43:53.546112+00:00","859c55a9-fea0-4e20-aea8-254fe2d1fc4e","{"status":"completed","completed_at":"2026-05-18T18:43:53.491Z"}"
"404","2026-05-18T18:43:58.527066+00:00","46e40a44-6963-4d57-9c3f-b2073ed57669","{"status":"completed","completed_at":"2026-05-18T18:43:58.723Z"}"
"405","2026-05-18T18:44:03.589644+00:00","66bb07a0-e48b-408f-8617-1ac47172cfa9","{"status":"completed","completed_at":"2026-05-18T18:44:03.634Z"}"
"406","2026-05-18T18:44:08.689892+00:00","c350e287-d131-4640-9e60-46c857cd5a9f","{"status":"completed","completed_at":"2026-05-18T18:44:08.618Z"}"
"407","2026-05-18T18:44:13.58597+00:00","4710b5f1-a94b-4cf3-86ac-a3be48ceda58","{"status":"completed","completed_at":"2026-05-18T18:44:13.567Z"}"
"408","2026-05-18T18:44:18.868917+00:00","0e88b1e3-20e3-40d4-bb89-0d8322f34363","{"status":"completed","completed_at":"2026-05-18T18:44:18.907Z"}"
"409","2026-05-18T18:44:23.54959+00:00","ba9b9466-0846-41bb-a721-091e656d8d3e","{"status":"completed","completed_at":"2026-05-18T18:44:23.476Z"}"
"410","2026-05-18T18:44:28.545897+00:00","6285fc24-8267-40c5-ab1d-6935ba2b4ff3","{"status":"completed","completed_at":"2026-05-18T18:44:28.452Z"}"
"411","2026-05-18T18:44:33.536107+00:00","56fd3f4f-1198-4af7-8304-2e8dd886116e","{"status":"completed","completed_at":"2026-05-18T18:44:33.444Z"}"
"412","2026-05-18T18:44:38.548921+00:00","d2d7d743-7b08-432d-b279-8454a5d57d5a","{"status":"completed","completed_at":"2026-05-18T18:44:38.492Z"}"
"413","2026-05-18T18:44:43.552588+00:00","db1e97bf-7369-4d97-80a7-2e9a64f30a68","{"status":"completed","completed_at":"2026-05-18T18:44:43.495Z"}"
"414","2026-05-18T18:44:48.598377+00:00","c67457a0-89e1-4680-8f91-b398db0a1196","{"status":"completed","completed_at":"2026-05-18T18:44:48.548Z"}"
"415","2026-05-18T18:44:53.576513+00:00","656525bd-1a9f-4e40-aadc-3c4624862ca5","{"status":"completed","completed_at":"2026-05-18T18:44:53.502Z"}"
"416","2026-05-18T18:44:58.581574+00:00","466bf2ea-3aff-4515-a61c-e1efd0d7af91","{"status":"completed","completed_at":"2026-05-18T18:44:58.522Z"}"
"417","2026-05-18T18:45:03.545176+00:00","d4a59907-911e-426e-916e-0a41c76f9f4a","{"status":"completed","completed_at":"2026-05-18T18:45:03.457Z"}"
"418","2026-05-18T18:45:08.570528+00:00","35e17944-beb7-482d-9aa6-133638d8bf8e","{"status":"completed","completed_at":"2026-05-18T18:45:08.474Z"}"
"419","2026-05-18T18:45:13.621028+00:00","ba414193-1f6b-4e98-ae6b-bd6552cb2400","{"status":"completed","completed_at":"2026-05-18T18:45:13.555Z"}"
"420","2026-05-18T18:45:18.613764+00:00","b3c42a35-cfa8-4bac-b34a-f5eae505db96","{"status":"completed","completed_at":"2026-05-18T18:45:18.647Z"}"
"421","2026-05-18T18:45:23.625831+00:00","2cfb4932-9666-4101-adaf-247a37941ba2","{"status":"completed","completed_at":"2026-05-18T18:45:23.560Z"}"
"422","2026-05-18T18:45:28.601375+00:00","d6c11712-1b88-4421-8224-a694ccbf4fb9","{"status":"completed","completed_at":"2026-05-18T18:45:28.505Z"}"
"423","2026-05-18T18:45:33.613398+00:00","3a453fe7-bf19-4b55-9351-d2a380448117","{"status":"completed","completed_at":"2026-05-18T18:45:33.547Z"}"
"424","2026-05-18T18:45:38.673848+00:00","7943b84c-8c6f-4c62-85cc-97fd1ab27817","{"status":"completed","completed_at":"2026-05-18T18:45:38.604Z"}"
"425","2026-05-18T18:45:43.757847+00:00","03b82332-8a27-4a1f-8609-5f9c29ffbdf1","{"status":"completed","completed_at":"2026-05-18T18:45:43.686Z"}"
"426","2026-05-18T18:45:48.684687+00:00","b852fd5a-74ac-437a-add5-68541ee10f5a","{"status":"completed","completed_at":"2026-05-18T18:45:48.600Z"}"
"427","2026-05-18T18:45:53.714451+00:00","31f4b3b6-759c-4b0f-a428-4e4c7dc46543","{"status":"completed","completed_at":"2026-05-18T18:45:53.644Z"}"
"428","2026-05-18T18:45:58.689449+00:00","0ab16f78-1c6f-4b3d-870e-8cbd59675bfd","{"status":"completed","completed_at":"2026-05-18T18:45:58.590Z"}"
"429","2026-05-18T18:46:03.701104+00:00","51293af7-b310-4d25-b0d7-6971aa8db44f","{"status":"completed","completed_at":"2026-05-18T18:46:03.630Z"}"
"430","2026-05-18T18:46:08.722771+00:00","8a78165f-cd50-4e17-88d8-f293d64b878c","{"status":"completed","completed_at":"2026-05-18T18:46:08.633Z"}"
"431","2026-05-18T18:46:13.707071+00:00","52f84ab6-e14c-46b1-a18a-8626950b7108","{"status":"completed","completed_at":"2026-05-18T18:46:13.627Z"}"
"432","2026-05-18T18:46:18.780185+00:00","c722b7a2-94ee-4321-949e-e93b74e3cd15","{"status":"completed","completed_at":"2026-05-18T18:46:18.697Z"}"
"433","2026-05-18T18:46:23.78162+00:00","166decd4-6505-469e-b2b8-0318a64778bc","{"status":"completed","completed_at":"2026-05-18T18:46:23.712Z"}"
"434","2026-05-18T18:46:29.013657+00:00","2539043e-dbe8-43fa-b56a-60c496c20121","{"status":"completed","completed_at":"2026-05-18T18:46:28.971Z"}"
"435","2026-05-18T18:46:33.766426+00:00","05812780-7a34-48ae-b0ac-45e704bebb0c","{"status":"completed","completed_at":"2026-05-18T18:46:33.688Z"}"
"436","2026-05-18T18:46:38.768158+00:00","72119c42-f097-4eb4-b24b-b500b541c079","{"status":"completed","completed_at":"2026-05-18T18:46:38.678Z"}"
"437","2026-05-18T18:46:43.778203+00:00","df729c38-a913-43b8-8838-2b6da9949ff9","{"status":"completed","completed_at":"2026-05-18T18:46:43.736Z"}"
"438","2026-05-18T18:46:48.737747+00:00","5a657e3a-3dd9-4b93-a61d-3bcc82b1a110","{"status":"completed","completed_at":"2026-05-18T18:46:48.641Z"}"
"439","2026-05-18T18:46:53.737847+00:00","6f0cde23-ecd6-4739-9bd4-ccc136fbaa80","{"status":"completed","completed_at":"2026-05-18T18:46:53.644Z"}"
"440","2026-05-18T18:46:58.758008+00:00","e18ccb95-f7a5-45e9-88e7-3edc3cfe366b","{"status":"completed","completed_at":"2026-05-18T18:46:58.819Z"}"
"441","2026-05-18T18:47:03.76864+00:00","7b97cb07-72cb-4047-ba97-80876c0b3b28","{"status":"completed","completed_at":"2026-05-18T18:47:03.675Z"}"
"442","2026-05-18T18:47:08.782672+00:00","9cfe6f61-a61e-4635-b72a-04b04f93fbf9","{"status":"completed","completed_at":"2026-05-18T18:47:08.694Z"}"
"443","2026-05-18T18:47:13.946584+00:00","f5d216b8-c2c2-40a0-96e9-315576098e76","{"status":"completed","completed_at":"2026-05-18T18:47:13.981Z"}"
"444","2026-05-18T18:47:19.400171+00:00","7eab836d-a7e3-43af-9da1-f5de3c6d5151","{"status":"completed","completed_at":"2026-05-18T18:47:19.574Z"}"
"445","2026-05-18T18:47:24.146037+00:00","f861305e-8570-47d7-ac59-b3cff63eb835","{"status":"completed","completed_at":"2026-05-18T18:47:24.082Z"}"
"446","2026-05-18T18:47:28.911108+00:00","f5267314-7c1e-4ec4-84bb-654bdc2b8216","{"status":"completed","completed_at":"2026-05-18T18:47:29.395Z"}"
"447","2026-05-18T18:47:34.069587+00:00","af4bfb5c-e445-49dd-b424-e75444a0e947","{"status":"completed","completed_at":"2026-05-18T18:47:34.515Z"}"
"448","2026-05-18T18:47:39.026033+00:00","a54b3693-e314-4e32-bfaf-c57da547227f","{"status":"completed","completed_at":"2026-05-18T18:47:39.060Z"}"
"449","2026-05-18T18:47:44.897383+00:00","74cfa264-2ca1-455d-94f8-faa22e8daba4","{"status":"completed","completed_at":"2026-05-18T18:47:45.112Z"}"
"450","2026-05-18T18:47:49.488436+00:00","f58d18d8-f5c3-49c5-8305-c01da2898beb","{"status":"completed","completed_at":"2026-05-18T18:47:50.239Z"}"
"451","2026-05-18T18:47:53.975435+00:00","728a4de6-9da5-451b-b8f4-7a16654ffad0","{"status":"completed","completed_at":"2026-05-18T18:47:53.961Z"}"
"452","2026-05-18T18:47:59.647674+00:00","931a3250-b0f7-4300-879b-3b2220a63085","{"status":"completed","completed_at":"2026-05-18T18:48:00.081Z"}"
"453","2026-05-18T18:48:04.554433+00:00","bc0bc836-eed5-484d-afdb-c9766749c44b","{"status":"completed","completed_at":"2026-05-18T18:48:05.375Z"}"
"454","2026-05-18T18:48:09.165294+00:00","e688719d-950b-44ac-9099-19653337ab33","{"status":"completed","completed_at":"2026-05-18T18:48:09.813Z"}"
"455","2026-05-18T18:48:16.560516+00:00","09999376-698c-4b48-8a79-bfa234aaa9c4","{"status":"completed","completed_at":"2026-05-18T18:48:17.646Z"}"
"456","2026-05-18T18:48:19.127473+00:00","8a5234f8-8711-4538-9c9b-cd42e8524daf","{"status":"completed","completed_at":"2026-05-18T18:48:19.334Z"}"
"457","2026-05-18T18:48:25.505845+00:00","78d7fb3e-5496-4534-9862-03beab37fea0","{"status":"completed","completed_at":"2026-05-18T18:48:34.035Z"}"
"458","2026-05-18T18:48:38.928466+00:00","d2a77412-ea7f-4ddb-8b00-4f78e99ac0b4","{"status":"completed","completed_at":"2026-05-18T18:48:38.822Z"}"
"459","2026-05-18T18:48:43.955981+00:00","c89b5fa2-72fe-4f98-b80d-8602b20cc35a","{"status":"completed","completed_at":"2026-05-18T18:48:43.878Z"}"
"460","2026-05-18T18:48:48.881432+00:00","dc35eef2-3856-403e-b6f0-8dac3f08e55b","{"status":"completed","completed_at":"2026-05-18T18:48:48.795Z"}"
"461","2026-05-18T18:48:53.999699+00:00","9598b64b-4c2b-4c2f-91bd-be2953c1777d","{"status":"completed","completed_at":"2026-05-18T18:48:53.933Z"}"
"462","2026-05-18T18:48:58.899149+00:00","b82aa6f4-bbc3-45c2-b8af-b2db9afb0ae9","{"status":"completed","completed_at":"2026-05-18T18:48:58.798Z"}"
"463","2026-05-18T18:49:03.925881+00:00","f875c25f-16e0-4129-a108-8f4139968160","{"status":"completed","completed_at":"2026-05-18T18:49:03.865Z"}"
"464","2026-05-18T18:49:08.934445+00:00","9aa87a3e-f896-4e94-9a2f-3e8d4ee4f931","{"status":"completed","completed_at":"2026-05-18T18:49:08.849Z"}"
"465","2026-05-18T18:49:13.920326+00:00","dcb0a2b0-8460-4f3b-bcdc-59d446858065","{"status":"completed","completed_at":"2026-05-18T18:49:13.823Z"}"
"466","2026-05-18T18:49:18.923304+00:00","3afb51ce-cf48-49bd-860a-73e93e5a1f21","{"status":"completed","completed_at":"2026-05-18T18:49:18.838Z"}"
"467","2026-05-18T18:49:23.91928+00:00","2ea97a70-3e1a-4c1f-89fb-55d6a61c2d5e","{"status":"completed","completed_at":"2026-05-18T18:49:23.819Z"}"
"468","2026-05-18T18:49:28.945414+00:00","b2bb1ca4-6c2b-47da-9b7c-6aac7402f2f2","{"status":"completed","completed_at":"2026-05-18T18:49:28.854Z"}"
"469","2026-05-18T18:49:34.2135+00:00","16145029-7f56-40d3-bf82-34ac08da6de8","{"status":"completed","completed_at":"2026-05-18T18:49:34.306Z"}"
"470","2026-05-18T18:49:38.925794+00:00","c9d4ae9e-8ef3-4ebb-bf6c-c9b0c32dd940","{"status":"completed","completed_at":"2026-05-18T18:49:38.842Z"}"
"471","2026-05-18T18:49:53.759075+00:00","8e523871-dcbf-43c1-9653-a9c3b3189242","{"status":"completed","completed_at":"2026-05-18T18:49:53.782Z"}"
"472","2026-05-18T18:49:59.638318+00:00","8f90cdc5-85e4-4949-8b42-d5ccf00b4dc8","{"status":"completed","completed_at":"2026-05-18T18:49:59.837Z"}"
"473","2026-05-18T18:50:05.071012+00:00","478de583-3702-40f0-a2af-80bc9507d87b","{"status":"completed","completed_at":"2026-05-18T18:50:14.028Z"}"
"474","2026-05-18T18:50:20.214738+00:00","bd3d5746-f280-43e0-9633-0dfbd4a17b8c","{"status":"completed","completed_at":"2026-05-18T18:50:20.986Z"}"
"475","2026-05-18T18:50:24.449671+00:00","86b09b21-176a-406a-8946-3d01720a63d2","{"status":"completed","completed_at":"2026-05-18T18:50:26.766Z"}"
"476","2026-05-18T18:50:29.242577+00:00","9d15eba3-2eb4-46f3-9de9-e916e32b0432","{"status":"completed","completed_at":"2026-05-18T18:50:29.708Z"}"
"477","2026-05-18T18:50:34.414408+00:00","48a08c17-2a17-4a4c-ba5d-2a66bd18eb99","{"status":"completed","completed_at":"2026-05-18T18:50:35.484Z"}"
"478","2026-05-18T18:50:39.320184+00:00","16f8c898-01e1-46f3-8518-9f0b9d4164a7","{"status":"completed","completed_at":"2026-05-18T18:50:40.687Z"}"
"479","2026-05-18T18:50:44.112302+00:00","8e60bf84-e6a4-4c39-9b9e-e967112f987a","{"status":"completed","completed_at":"2026-05-18T18:50:44.583Z"}"
"480","2026-05-18T18:50:49.259645+00:00","27cd0253-3933-4919-8bee-4f382fedda30","{"status":"completed","completed_at":"2026-05-18T18:50:51.112Z"}"
"481","2026-05-18T18:50:54.77448+00:00","5c72ea50-9d01-438f-8933-9d5caaa9cd1c","{"status":"completed","completed_at":"2026-05-18T18:50:59.675Z"}"
"482","2026-05-18T18:51:09.553889+00:00","4d3d3b16-db33-4974-a05f-505702d78f75","{"status":"completed","completed_at":"2026-05-18T18:51:09.467Z"}"
"483","2026-05-18T18:51:14.775965+00:00","2b6c7dc9-fca8-482d-80fc-ffe199d87122","{"status":"completed","completed_at":"2026-05-18T18:51:14.938Z"}"
"484","2026-05-18T18:51:20.953686+00:00","22a17940-548e-4287-b443-cdd8f972a3d9","{"status":"completed","completed_at":"2026-05-18T18:51:21.296Z"}"
"485","2026-05-18T18:51:24.914204+00:00","38a070a3-676c-4e99-b0ad-6c58fabd9c59","{"status":"completed","completed_at":"2026-05-18T18:51:24.824Z"}"
"486","2026-05-18T18:51:29.905502+00:00","cd7a60ea-9658-4c36-ada9-b77b46bf7df8","{"status":"completed","completed_at":"2026-05-18T18:51:30.746Z"}"
"487","2026-05-18T18:51:34.022568+00:00","f770665d-b8a7-445a-a5da-d729b111770e","{"status":"completed","completed_at":"2026-05-18T18:51:34.199Z"}"
"488","2026-05-18T18:51:44.457332+00:00","2c0e55bb-dede-4faa-b49b-756a082d541e","{"status":"completed","completed_at":"2026-05-18T18:51:45.130Z"}"
"489","2026-05-18T18:51:49.892+00:00","9d57fedd-ab45-4186-b954-f431f737ba1d","{"status":"completed","completed_at":"2026-05-18T18:51:50.119Z"}"
"490","2026-05-18T18:51:54.330629+00:00","22c64053-da60-4607-8626-5c0cceee93be","{"status":"completed","completed_at":"2026-05-18T18:51:54.493Z"}"
"491","2026-05-18T18:51:59.791647+00:00","d3670b52-3118-4cec-b557-10abff189b87","{"status":"completed","completed_at":"2026-05-18T18:52:00.394Z"}"
"492","2026-05-18T18:52:04.139271+00:00","e09b386f-3a67-499e-bfef-dee58c9563cf","{"status":"completed","completed_at":"2026-05-18T18:52:04.210Z"}"
"493","2026-05-18T18:52:09.758477+00:00","46cc2c3a-c47a-48ce-a0d7-7d8c7d36b76f","{"status":"completed","completed_at":"2026-05-18T18:52:10.486Z"}"
"494","2026-05-18T18:52:14.125079+00:00","dcc9bc95-e9b5-45f6-af67-8d7dd95c07c8","{"status":"completed","completed_at":"2026-05-18T18:52:14.997Z"}"
"495","2026-05-18T18:52:20.043788+00:00","e2dc50cf-8f10-468c-9b1f-e93ed6cbcbfb","{"status":"completed","completed_at":"2026-05-18T18:52:20.517Z"}"
"496","2026-05-18T18:52:24.746761+00:00","322d18ad-cd5b-49a6-81ea-cda50dd0760a","{"status":"completed","completed_at":"2026-05-18T18:52:24.994Z"}"
"497","2026-05-18T18:52:31.451331+00:00","9c2e3252-c7e5-4562-b0f1-451bdfa1e0b5","{"status":"completed","completed_at":"2026-05-18T18:52:33.062Z"}"
"498","2026-05-18T18:52:34.153156+00:00","95f47f6a-6e41-4670-afb9-7176796d1dc6","{"status":"completed","completed_at":"2026-05-18T18:52:34.327Z"}"
"499","2026-05-18T18:52:39.651708+00:00","2e1f1894-678b-4685-a648-d268d055a1d9","{"status":"completed","completed_at":"2026-05-18T18:52:40.306Z"}"
"500","2026-05-18T18:52:44.819557+00:00","da34a6af-fad1-421b-bc58-86713babdab4","{"status":"completed","completed_at":"2026-05-18T18:52:44.839Z"}"
"501","2026-05-18T18:52:49.920431+00:00","0489452b-5d25-44df-9b87-8936ce34e9f6","{"status":"completed","completed_at":"2026-05-18T18:52:50.642Z"}"
"502","2026-05-18T18:52:56.244047+00:00","904c66b9-ed2e-4602-8806-9bc0fbda926d","{"status":"completed","completed_at":"2026-05-18T18:52:56.723Z"}"
"503","2026-05-18T18:52:59.523022+00:00","db04faa9-55b8-47f3-a415-cd5170382418","{"status":"completed","completed_at":"2026-05-18T18:53:00.168Z"}"
"504","2026-05-18T18:53:06.261442+00:00","79f1e8e2-fc88-4e15-b8f4-a18fcafbafa3","{"status":"completed","completed_at":"2026-05-18T18:53:07.547Z"}"
"505","2026-05-18T18:53:09.270888+00:00","7e8c3b37-f705-4404-b00f-9f8679edca97","{"status":"completed","completed_at":"2026-05-18T18:53:09.488Z"}"
"506","2026-05-18T18:53:14.833825+00:00","3f714601-d4dc-4226-b127-cd7f66fa5d50","{"status":"completed","completed_at":"2026-05-18T18:53:14.973Z"}"
"507","2026-05-18T18:53:19.724156+00:00","3694a22f-2312-435d-999c-58e83683a486","{"status":"completed","completed_at":"2026-05-18T18:53:19.910Z"}"
"508","2026-05-18T18:53:24.733483+00:00","42179d4f-6aed-4d26-8aae-106935113f1f","{"status":"completed","completed_at":"2026-05-18T18:53:24.939Z"}"
"509","2026-05-18T18:53:29.462754+00:00","256a34de-e797-429b-ab51-96a36b10aba4","{"status":"completed","completed_at":"2026-05-18T18:53:29.863Z"}"
"510","2026-05-18T18:53:34.512835+00:00","3c742245-5d12-458c-b3ee-32987173adb4","{"status":"completed","completed_at":"2026-05-18T18:53:34.429Z"}"
"511","2026-05-18T18:53:40.466423+00:00","10cdd429-4926-404f-8950-349945bcc976","{"status":"completed","completed_at":"2026-05-18T18:53:40.405Z"}"
"512","2026-05-18T18:53:44.221776+00:00","673a86b1-3125-481c-a19c-2922ac89309a","{"status":"completed","completed_at":"2026-05-18T18:53:44.115Z"}"
"513","2026-05-18T18:53:49.745762+00:00","3c1a6cd8-da13-4558-b9b7-22a8205b3abe","{"status":"completed","completed_at":"2026-05-18T18:53:49.721Z"}"
"514","2026-05-18T18:53:54.467623+00:00","39f91be0-e4bd-4509-89fb-2e1f25d03822","{"status":"completed","completed_at":"2026-05-18T18:53:54.824Z"}"
"515","2026-05-18T18:54:00.898004+00:00","12c754dd-49a8-499a-87a5-e0854f0453ca","{"status":"completed","completed_at":"2026-05-18T18:54:01.067Z"}"
"516","2026-05-18T18:54:05.378074+00:00","6bfe512d-c900-4fce-bd30-f587eb304382","{"status":"completed","completed_at":"2026-05-18T18:54:05.545Z"}"
"517","2026-05-18T18:54:10.083273+00:00","59f8750f-d0ea-4929-ad4b-54af01646837","{"status":"completed","completed_at":"2026-05-18T18:54:10.602Z"}"
"518","2026-05-18T18:54:14.522133+00:00","24db9ed4-c24a-4830-b26a-a90f5b311a68","{"status":"completed","completed_at":"2026-05-18T18:54:14.433Z"}"
"519","2026-05-18T18:54:19.468615+00:00","f753be2d-d240-413d-867c-dae41e54addb","{"status":"completed","completed_at":"2026-05-18T18:54:19.741Z"}"
"520","2026-05-18T18:54:25.51186+00:00","6370a7e5-2b9c-4fac-9200-7e165ebda851","{"status":"completed","completed_at":"2026-05-18T18:54:25.433Z"}"
"521","2026-05-18T18:54:29.542105+00:00","965e8360-fe8d-4634-98e9-98ea97862424","{"status":"completed","completed_at":"2026-05-18T18:54:29.696Z"}"
"522","2026-05-18T18:54:35.357708+00:00","a2fdc08d-6225-4285-aa79-e487d02599de","{"status":"completed","completed_at":"2026-05-18T18:54:35.274Z"}"
"523","2026-05-18T18:54:40.931692+00:00","642ff97c-3fd3-4349-8962-38b51e94c548","{"status":"completed","completed_at":"2026-05-18T18:54:41.164Z"}"
"524","2026-05-18T18:54:45.707172+00:00","59e39f7f-4ef6-4e3c-8ad5-43ac782f6383","{"status":"processing"}"